county,state,fips
Autauga,Alabama,1001
Baldwin,Alabama,1003
Barbour,Alabama,1005
Bibb,Alabama,1007
Blount,Alabama,1009
Bullock,Alabama,1011
Butler,Alabama,1013
Calhoun,Alabama,1015
Chambers,Alabama,1017
Cherokee,Alabama,1019
Chilton,Alabama,1021
Choctaw,Alabama,1023
Clarke,Alabama,1025
Clay,Alabama,1027
Cleburne,Alabama,1029
Coffee,Alabama,1031
Colbert,Alabama,1033
Conecuh,Alabama,1035
Coosa,Alabama,1037
Covington,Alabama,1039
Crenshaw,Alabama,1041
Cullman,Alabama,1043
Dale,Alabama,1045
Dallas,Alabama,1047
DeKalb,Alabama,1049
Elmore,Alabama,1051
Escambia,Alabama,1053
Etowah,Alabama,1055
Fayette,Alabama,1057
Franklin,Alabama,1059
Geneva,Alabama,1061
Greene,Alabama,1063
Hale,Alabama,1065
Henry,Alabama,1067
Houston,Alabama,1069
Jackson,Alabama,1071
Jefferson,Alabama,1073
Lamar,Alabama,1075
Lauderdale,Alabama,1077
Lawrence,Alabama,1079
Lee,Alabama,1081
Limestone,Alabama,1083
Lowndes,Alabama,1085
Macon,Alabama,1087
Madison,Alabama,1089
Marengo,Alabama,1091
Marion,Alabama,1093
Marshall,Alabama,1095
Mobile,Alabama,1097
Monroe,Alabama,1099
Montgomery,Alabama,1101
Morgan,Alabama,1103
Perry,Alabama,1105
Pickens,Alabama,1107
Pike,Alabama,1109
Randolph,Alabama,1111
Russell,Alabama,1113
Shelby,Alabama,1117
St. Clair,Alabama,1115
Sumter,Alabama,1119
Talladega,Alabama,1121
Tallapoosa,Alabama,1123
Tuscaloosa,Alabama,1125
Walker,Alabama,1127
Washington,Alabama,1129
Wilcox,Alabama,1131
Winston,Alabama,1133
Aleutians East Borough,Alaska,2013
Aleutians West Census Area,Alaska,2016
Anchorage,Alaska,2020
Bethel Census Area,Alaska,2050
Bristol Bay plus Lake and Peninsula,Alaska,2997
Denali Borough,Alaska,2068
Dillingham Census Area,Alaska,2070
Fairbanks North Star Borough,Alaska,2090
Haines Borough,Alaska,2100
Juneau City and Borough,Alaska,2110
Kenai Peninsula Borough,Alaska,2122
Ketchikan Gateway Borough,Alaska,2130
Kodiak Island Borough,Alaska,2150
Kusilvak Census Area,Alaska,2158
Matanuska-Susitna Borough,Alaska,2170
Nome Census Area,Alaska,2180
North Slope Borough,Alaska,2185
Northwest Arctic Borough,Alaska,2188
Petersburg Borough,Alaska,2195
Prince of Wales-Hyder Census Area,Alaska,2198
Sitka City and Borough,Alaska,2220
Skagway Municipality,Alaska,2230
Southeast Fairbanks Census Area,Alaska,2240
Valdez-Cordova Census Area,Alaska,2261
Wrangell City and Borough,Alaska,2275
Yakutat plus Hoonah-Angoon,Alaska,2998
Yukon-Koyukuk Census Area,Alaska,2290
Apache,Arizona,4001
Cochise,Arizona,4003
Coconino,Arizona,4005
Gila,Arizona,4007
Graham,Arizona,4009
Greenlee,Arizona,4011
La Paz,Arizona,4012
Maricopa,Arizona,4013
Mohave,Arizona,4015
Navajo,Arizona,4017
Pima,Arizona,4019
Pinal,Arizona,4021
Santa Cruz,Arizona,4023
Yavapai,Arizona,4025
Yuma,Arizona,4027
Arkansas,Arkansas,5001
Ashley,Arkansas,5003
Baxter,Arkansas,5005
Benton,Arkansas,5007
Boone,Arkansas,5009
Bradley,Arkansas,5011
Calhoun,Arkansas,5013
Carroll,Arkansas,5015
Chicot,Arkansas,5017
Clark,Arkansas,5019
Clay,Arkansas,5021
Cleburne,Arkansas,5023
Cleveland,Arkansas,5025
Columbia,Arkansas,5027
Conway,Arkansas,5029
Craighead,Arkansas,5031
Crawford,Arkansas,5033
Crittenden,Arkansas,5035
Cross,Arkansas,5037
Dallas,Arkansas,5039
Desha,Arkansas,5041
Drew,Arkansas,5043
Faulkner,Arkansas,5045
Franklin,Arkansas,5047
Fulton,Arkansas,5049
Garland,Arkansas,5051
Grant,Arkansas,5053
Greene,Arkansas,5055
Hempstead,Arkansas,5057
Hot Spring,Arkansas,5059
Howard,Arkansas,5061
Independence,Arkansas,5063
Izard,Arkansas,5065
Jackson,Arkansas,5067
Jefferson,Arkansas,5069
Johnson,Arkansas,5071
Lafayette,Arkansas,5073
Lawrence,Arkansas,5075
Lee,Arkansas,5077
Lincoln,Arkansas,5079
Little River,Arkansas,5081
Logan,Arkansas,5083
Lonoke,Arkansas,5085
Madison,Arkansas,5087
Marion,Arkansas,5089
Miller,Arkansas,5091
Mississippi,Arkansas,5093
Monroe,Arkansas,5095
Montgomery,Arkansas,5097
Nevada,Arkansas,5099
Newton,Arkansas,5101
Ouachita,Arkansas,5103
Perry,Arkansas,5105
Phillips,Arkansas,5107
Pike,Arkansas,5109
Poinsett,Arkansas,5111
Polk,Arkansas,5113
Pope,Arkansas,5115
Prairie,Arkansas,5117
Pulaski,Arkansas,5119
Randolph,Arkansas,5121
Saline,Arkansas,5125
Scott,Arkansas,5127
Searcy,Arkansas,5129
Sebastian,Arkansas,5131
Sevier,Arkansas,5133
Sharp,Arkansas,5135
St. Francis,Arkansas,5123
Stone,Arkansas,5137
Union,Arkansas,5139
Van Buren,Arkansas,5141
Washington,Arkansas,5143
White,Arkansas,5145
Woodruff,Arkansas,5147
Yell,Arkansas,5149
Alameda,California,6001
Alpine,California,6003
Amador,California,6005
Butte,California,6007
Calaveras,California,6009
Colusa,California,6011
Contra Costa,California,6013
Del Norte,California,6015
El Dorado,California,6017
Fresno,California,6019
Glenn,California,6021
Humboldt,California,6023
Imperial,California,6025
Inyo,California,6027
Kern,California,6029
Kings,California,6031
Lake,California,6033
Lassen,California,6035
Los Angeles,California,6037
Madera,California,6039
Marin,California,6041
Mariposa,California,6043
Mendocino,California,6045
Merced,California,6047
Modoc,California,6049
Mono,California,6051
Monterey,California,6053
Napa,California,6055
Nevada,California,6057
Orange,California,6059
Placer,California,6061
Plumas,California,6063
Riverside,California,6065
Sacramento,California,6067
San Benito,California,6069
San Bernardino,California,6071
San Diego,California,6073
San Francisco,California,6075
San Joaquin,California,6077
San Luis Obispo,California,6079
San Mateo,California,6081
Santa Barbara,California,6083
Santa Clara,California,6085
Santa Cruz,California,6087
Shasta,California,6089
Sierra,California,6091
Siskiyou,California,6093
Solano,California,6095
Sonoma,California,6097
Stanislaus,California,6099
Sutter,California,6101
Tehama,California,6103
Trinity,California,6105
Tulare,California,6107
Tuolumne,California,6109
Ventura,California,6111
Yolo,California,6113
Yuba,California,6115
Adams,Colorado,8001
Alamosa,Colorado,8003
Arapahoe,Colorado,8005
Archuleta,Colorado,8007
Baca,Colorado,8009
Bent,Colorado,8011
Boulder,Colorado,8013
Broomfield,Colorado,8014
Chaffee,Colorado,8015
Cheyenne,Colorado,8017
Clear Creek,Colorado,8019
Conejos,Colorado,8021
Costilla,Colorado,8023
Crowley,Colorado,8025
Custer,Colorado,8027
Delta,Colorado,8029
Denver,Colorado,8031
Dolores,Colorado,8033
Douglas,Colorado,8035
Eagle,Colorado,8037
El Paso,Colorado,8041
Elbert,Colorado,8039
Fremont,Colorado,8043
Garfield,Colorado,8045
Gilpin,Colorado,8047
Grand,Colorado,8049
Gunnison,Colorado,8051
Hinsdale,Colorado,8053
Huerfano,Colorado,8055
Jackson,Colorado,8057
Jefferson,Colorado,8059
Kiowa,Colorado,8061
Kit Carson,Colorado,8063
La Plata,Colorado,8067
Lake,Colorado,8065
Larimer,Colorado,8069
Las Animas,Colorado,8071
Lincoln,Colorado,8073
Logan,Colorado,8075
Mesa,Colorado,8077
Mineral,Colorado,8079
Moffat,Colorado,8081
Montezuma,Colorado,8083
Montrose,Colorado,8085
Morgan,Colorado,8087
Otero,Colorado,8089
Ouray,Colorado,8091
Park,Colorado,8093
Phillips,Colorado,8095
Pitkin,Colorado,8097
Prowers,Colorado,8099
Pueblo,Colorado,8101
Rio Blanco,Colorado,8103
Rio Grande,Colorado,8105
Routt,Colorado,8107
Saguache,Colorado,8109
San Juan,Colorado,8111
San Miguel,Colorado,8113
Sedgwick,Colorado,8115
Summit,Colorado,8117
Teller,Colorado,8119
Washington,Colorado,8121
Weld,Colorado,8123
Yuma,Colorado,8125
Fairfield,Connecticut,9001
Hartford,Connecticut,9003
Litchfield,Connecticut,9005
Middlesex,Connecticut,9007
New Haven,Connecticut,9009
New London,Connecticut,9011
Tolland,Connecticut,9013
Windham,Connecticut,9015
Kent,Delaware,10001
New Castle,Delaware,10003
Sussex,Delaware,10005
District of Columbia,District of Columbia,11001
Alachua,Florida,12001
Baker,Florida,12003
Bay,Florida,12005
Bradford,Florida,12007
Brevard,Florida,12009
Broward,Florida,12011
Calhoun,Florida,12013
Charlotte,Florida,12015
Citrus,Florida,12017
Clay,Florida,12019
Collier,Florida,12021
Columbia,Florida,12023
DeSoto,Florida,12027
Dixie,Florida,12029
Duval,Florida,12031
Escambia,Florida,12033
Flagler,Florida,12035
Franklin,Florida,12037
Gadsden,Florida,12039
Gilchrist,Florida,12041
Glades,Florida,12043
Gulf,Florida,12045
Hamilton,Florida,12047
Hardee,Florida,12049
Hendry,Florida,12051
Hernando,Florida,12053
Highlands,Florida,12055
Hillsborough,Florida,12057
Holmes,Florida,12059
Indian River,Florida,12061
Jackson,Florida,12063
Jefferson,Florida,12065
Lafayette,Florida,12067
Lake,Florida,12069
Lee,Florida,12071
Leon,Florida,12073
Levy,Florida,12075
Liberty,Florida,12077
Madison,Florida,12079
Manatee,Florida,12081
Marion,Florida,12083
Martin,Florida,12085
Miami-Dade,Florida,12086
Monroe,Florida,12087
Nassau,Florida,12089
Okaloosa,Florida,12091
Okeechobee,Florida,12093
Orange,Florida,12095
Osceola,Florida,12097
Palm Beach,Florida,12099
Pasco,Florida,12101
Pinellas,Florida,12103
Polk,Florida,12105
Putnam,Florida,12107
Santa Rosa,Florida,12113
Sarasota,Florida,12115
Seminole,Florida,12117
St. Johns,Florida,12109
St. Lucie,Florida,12111
Sumter,Florida,12119
Suwannee,Florida,12121
Taylor,Florida,12123
Union,Florida,12125
Volusia,Florida,12127
Wakulla,Florida,12129
Walton,Florida,12131
Washington,Florida,12133
Appling,Georgia,13001
Atkinson,Georgia,13003
Bacon,Georgia,13005
Baker,Georgia,13007
Baldwin,Georgia,13009
Banks,Georgia,13011
Barrow,Georgia,13013
Bartow,Georgia,13015
Ben Hill,Georgia,13017
Berrien,Georgia,13019
Bibb,Georgia,13021
Bleckley,Georgia,13023
Brantley,Georgia,13025
Brooks,Georgia,13027
Bryan,Georgia,13029
Bulloch,Georgia,13031
Burke,Georgia,13033
Butts,Georgia,13035
Calhoun,Georgia,13037
Camden,Georgia,13039
Candler,Georgia,13043
Carroll,Georgia,13045
Catoosa,Georgia,13047
Charlton,Georgia,13049
Chatham,Georgia,13051
Chattahoochee,Georgia,13053
Chattooga,Georgia,13055
Cherokee,Georgia,13057
Clarke,Georgia,13059
Clay,Georgia,13061
Clayton,Georgia,13063
Clinch,Georgia,13065
Cobb,Georgia,13067
Coffee,Georgia,13069
Colquitt,Georgia,13071
Columbia,Georgia,13073
Cook,Georgia,13075
Coweta,Georgia,13077
Crawford,Georgia,13079
Crisp,Georgia,13081
Dade,Georgia,13083
Dawson,Georgia,13085
DeKalb,Georgia,13089
Decatur,Georgia,13087
Dodge,Georgia,13091
Dooly,Georgia,13093
Dougherty,Georgia,13095
Douglas,Georgia,13097
Early,Georgia,13099
Echols,Georgia,13101
Effingham,Georgia,13103
Elbert,Georgia,13105
Emanuel,Georgia,13107
Evans,Georgia,13109
Fannin,Georgia,13111
Fayette,Georgia,13113
Floyd,Georgia,13115
Forsyth,Georgia,13117
Franklin,Georgia,13119
Fulton,Georgia,13121
Gilmer,Georgia,13123
Glascock,Georgia,13125
Glynn,Georgia,13127
Gordon,Georgia,13129
Grady,Georgia,13131
Greene,Georgia,13133
Gwinnett,Georgia,13135
Habersham,Georgia,13137
Hall,Georgia,13139
Hancock,Georgia,13141
Haralson,Georgia,13143
Harris,Georgia,13145
Hart,Georgia,13147
Heard,Georgia,13149
Henry,Georgia,13151
Houston,Georgia,13153
Irwin,Georgia,13155
Jackson,Georgia,13157
Jasper,Georgia,13159
Jeff Davis,Georgia,13161
Jefferson,Georgia,13163
Jenkins,Georgia,13165
Johnson,Georgia,13167
Jones,Georgia,13169
Lamar,Georgia,13171
Lanier,Georgia,13173
Laurens,Georgia,13175
Lee,Georgia,13177
Liberty,Georgia,13179
Lincoln,Georgia,13181
Long,Georgia,13183
Lowndes,Georgia,13185
Lumpkin,Georgia,13187
Macon,Georgia,13193
Madison,Georgia,13195
Marion,Georgia,13197
McDuffie,Georgia,13189
McIntosh,Georgia,13191
Meriwether,Georgia,13199
Miller,Georgia,13201
Mitchell,Georgia,13205
Monroe,Georgia,13207
Montgomery,Georgia,13209
Morgan,Georgia,13211
Murray,Georgia,13213
Muscogee,Georgia,13215
Newton,Georgia,13217
Oconee,Georgia,13219
Oglethorpe,Georgia,13221
Paulding,Georgia,13223
Peach,Georgia,13225
Pickens,Georgia,13227
Pierce,Georgia,13229
Pike,Georgia,13231
Polk,Georgia,13233
Pulaski,Georgia,13235
Putnam,Georgia,13237
Quitman,Georgia,13239
Rabun,Georgia,13241
Randolph,Georgia,13243
Richmond,Georgia,13245
Rockdale,Georgia,13247
Schley,Georgia,13249
Screven,Georgia,13251
Seminole,Georgia,13253
Spalding,Georgia,13255
Stephens,Georgia,13257
Stewart,Georgia,13259
Sumter,Georgia,13261
Talbot,Georgia,13263
Taliaferro,Georgia,13265
Tattnall,Georgia,13267
Taylor,Georgia,13269
Telfair,Georgia,13271
Terrell,Georgia,13273
Thomas,Georgia,13275
Tift,Georgia,13277
Toombs,Georgia,13279
Towns,Georgia,13281
Treutlen,Georgia,13283
Troup,Georgia,13285
Turner,Georgia,13287
Twiggs,Georgia,13289
Union,Georgia,13291
Upson,Georgia,13293
Walker,Georgia,13295
Walton,Georgia,13297
Ware,Georgia,13299
Warren,Georgia,13301
Washington,Georgia,13303
Wayne,Georgia,13305
Webster,Georgia,13307
Wheeler,Georgia,13309
White,Georgia,13311
Whitfield,Georgia,13313
Wilcox,Georgia,13315
Wilkes,Georgia,13317
Wilkinson,Georgia,13319
Worth,Georgia,13321
Hawaii,Hawaii,15001
Honolulu,Hawaii,15003
Kalawao,Hawaii,15005
Kauai,Hawaii,15007
Maui,Hawaii,15009
Ada,Idaho,16001
Adams,Idaho,16003
Bannock,Idaho,16005
Bear Lake,Idaho,16007
Benewah,Idaho,16009
Bingham,Idaho,16011
Blaine,Idaho,16013
Boise,Idaho,16015
Bonner,Idaho,16017
Bonneville,Idaho,16019
Boundary,Idaho,16021
Butte,Idaho,16023
Camas,Idaho,16025
Canyon,Idaho,16027
Caribou,Idaho,16029
Cassia,Idaho,16031
Clark,Idaho,16033
Clearwater,Idaho,16035
Custer,Idaho,16037
Elmore,Idaho,16039
Franklin,Idaho,16041
Fremont,Idaho,16043
Gem,Idaho,16045
Gooding,Idaho,16047
Idaho,Idaho,16049
Jefferson,Idaho,16051
Jerome,Idaho,16053
Kootenai,Idaho,16055
Latah,Idaho,16057
Lemhi,Idaho,16059
Lewis,Idaho,16061
Lincoln,Idaho,16063
Madison,Idaho,16065
Minidoka,Idaho,16067
Nez Perce,Idaho,16069
Oneida,Idaho,16071
Owyhee,Idaho,16073
Payette,Idaho,16075
Power,Idaho,16077
Shoshone,Idaho,16079
Teton,Idaho,16081
Twin Falls,Idaho,16083
Valley,Idaho,16085
Washington,Idaho,16087
Adams,Illinois,17001
Alexander,Illinois,17003
Bond,Illinois,17005
Boone,Illinois,17007
Brown,Illinois,17009
Bureau,Illinois,17011
Calhoun,Illinois,17013
Carroll,Illinois,17015
Cass,Illinois,17017
Champaign,Illinois,17019
Christian,Illinois,17021
Clark,Illinois,17023
Clay,Illinois,17025
Clinton,Illinois,17027
Coles,Illinois,17029
Cook,Illinois,17031
Crawford,Illinois,17033
Cumberland,Illinois,17035
De Witt,Illinois,17039
DeKalb,Illinois,17037
Douglas,Illinois,17041
DuPage,Illinois,17043
Edgar,Illinois,17045
Edwards,Illinois,17047
Effingham,Illinois,17049
Fayette,Illinois,17051
Ford,Illinois,17053
Franklin,Illinois,17055
Fulton,Illinois,17057
Gallatin,Illinois,17059
Greene,Illinois,17061
Grundy,Illinois,17063
Hamilton,Illinois,17065
Hancock,Illinois,17067
Hardin,Illinois,17069
Henderson,Illinois,17071
Henry,Illinois,17073
Iroquois,Illinois,17075
Jackson,Illinois,17077
Jasper,Illinois,17079
Jefferson,Illinois,17081
Jersey,Illinois,17083
Jo Daviess,Illinois,17085
Johnson,Illinois,17087
Kane,Illinois,17089
Kankakee,Illinois,17091
Kendall,Illinois,17093
Knox,Illinois,17095
LaSalle,Illinois,17099
Lake,Illinois,17097
Lawrence,Illinois,17101
Lee,Illinois,17103
Livingston,Illinois,17105
Logan,Illinois,17107
Macon,Illinois,17115
Macoupin,Illinois,17117
Madison,Illinois,17119
Marion,Illinois,17121
Marshall,Illinois,17123
Mason,Illinois,17125
Massac,Illinois,17127
McDonough,Illinois,17109
McHenry,Illinois,17111
McLean,Illinois,17113
Menard,Illinois,17129
Mercer,Illinois,17131
Monroe,Illinois,17133
Montgomery,Illinois,17135
Morgan,Illinois,17137
Moultrie,Illinois,17139
Ogle,Illinois,17141
Peoria,Illinois,17143
Perry,Illinois,17145
Piatt,Illinois,17147
Pike,Illinois,17149
Pope,Illinois,17151
Pulaski,Illinois,17153
Putnam,Illinois,17155
Randolph,Illinois,17157
Richland,Illinois,17159
Rock Island,Illinois,17161
Saline,Illinois,17165
Sangamon,Illinois,17167
Schuyler,Illinois,17169
Scott,Illinois,17171
Shelby,Illinois,17173
St. Clair,Illinois,17163
Stark,Illinois,17175
Stephenson,Illinois,17177
Tazewell,Illinois,17179
Union,Illinois,17181
Vermilion,Illinois,17183
Wabash,Illinois,17185
Warren,Illinois,17187
Washington,Illinois,17189
Wayne,Illinois,17191
White,Illinois,17193
Whiteside,Illinois,17195
Will,Illinois,17197
Williamson,Illinois,17199
Winnebago,Illinois,17201
Woodford,Illinois,17203
Adams,Indiana,18001
Allen,Indiana,18003
Bartholomew,Indiana,18005
Benton,Indiana,18007
Blackford,Indiana,18009
Boone,Indiana,18011
Brown,Indiana,18013
Carroll,Indiana,18015
Cass,Indiana,18017
Clark,Indiana,18019
Clay,Indiana,18021
Clinton,Indiana,18023
Crawford,Indiana,18025
Daviess,Indiana,18027
DeKalb,Indiana,18033
Dearborn,Indiana,18029
Decatur,Indiana,18031
Delaware,Indiana,18035
Dubois,Indiana,18037
Elkhart,Indiana,18039
Fayette,Indiana,18041
Floyd,Indiana,18043
Fountain,Indiana,18045
Franklin,Indiana,18047
Fulton,Indiana,18049
Gibson,Indiana,18051
Grant,Indiana,18053
Greene,Indiana,18055
Hamilton,Indiana,18057
Hancock,Indiana,18059
Harrison,Indiana,18061
Hendricks,Indiana,18063
Henry,Indiana,18065
Howard,Indiana,18067
Huntington,Indiana,18069
Jackson,Indiana,18071
Jasper,Indiana,18073
Jay,Indiana,18075
Jefferson,Indiana,18077
Jennings,Indiana,18079
Johnson,Indiana,18081
Knox,Indiana,18083
Kosciusko,Indiana,18085
LaGrange,Indiana,18087
LaPorte,Indiana,18091
Lake,Indiana,18089
Lawrence,Indiana,18093
Madison,Indiana,18095
Marion,Indiana,18097
Marshall,Indiana,18099
Martin,Indiana,18101
Miami,Indiana,18103
Monroe,Indiana,18105
Montgomery,Indiana,18107
Morgan,Indiana,18109
Newton,Indiana,18111
Noble,Indiana,18113
Ohio,Indiana,18115
Orange,Indiana,18117
Owen,Indiana,18119
Parke,Indiana,18121
Perry,Indiana,18123
Pike,Indiana,18125
Porter,Indiana,18127
Posey,Indiana,18129
Pulaski,Indiana,18131
Putnam,Indiana,18133
Randolph,Indiana,18135
Ripley,Indiana,18137
Rush,Indiana,18139
Scott,Indiana,18143
Shelby,Indiana,18145
Spencer,Indiana,18147
St. Joseph,Indiana,18141
Starke,Indiana,18149
Steuben,Indiana,18151
Sullivan,Indiana,18153
Switzerland,Indiana,18155
Tippecanoe,Indiana,18157
Tipton,Indiana,18159
Union,Indiana,18161
Vanderburgh,Indiana,18163
Vermillion,Indiana,18165
Vigo,Indiana,18167
Wabash,Indiana,18169
Warren,Indiana,18171
Warrick,Indiana,18173
Washington,Indiana,18175
Wayne,Indiana,18177
Wells,Indiana,18179
White,Indiana,18181
Whitley,Indiana,18183
Adair,Iowa,19001
Adams,Iowa,19003
Allamakee,Iowa,19005
Appanoose,Iowa,19007
Audubon,Iowa,19009
Benton,Iowa,19011
Black Hawk,Iowa,19013
Boone,Iowa,19015
Bremer,Iowa,19017
Buchanan,Iowa,19019
Buena Vista,Iowa,19021
Butler,Iowa,19023
Calhoun,Iowa,19025
Carroll,Iowa,19027
Cass,Iowa,19029
Cedar,Iowa,19031
Cerro Gordo,Iowa,19033
Cherokee,Iowa,19035
Chickasaw,Iowa,19037
Clarke,Iowa,19039
Clay,Iowa,19041
Clayton,Iowa,19043
Clinton,Iowa,19045
Crawford,Iowa,19047
Dallas,Iowa,19049
Davis,Iowa,19051
Decatur,Iowa,19053
Delaware,Iowa,19055
Des Moines,Iowa,19057
Dickinson,Iowa,19059
Dubuque,Iowa,19061
Emmet,Iowa,19063
Fayette,Iowa,19065
Floyd,Iowa,19067
Franklin,Iowa,19069
Fremont,Iowa,19071
Greene,Iowa,19073
Grundy,Iowa,19075
Guthrie,Iowa,19077
Hamilton,Iowa,19079
Hancock,Iowa,19081
Hardin,Iowa,19083
Harrison,Iowa,19085
Henry,Iowa,19087
Howard,Iowa,19089
Humboldt,Iowa,19091
Ida,Iowa,19093
Iowa,Iowa,19095
Jackson,Iowa,19097
Jasper,Iowa,19099
Jefferson,Iowa,19101
Johnson,Iowa,19103
Jones,Iowa,19105
Keokuk,Iowa,19107
Kossuth,Iowa,19109
Lee,Iowa,19111
Linn,Iowa,19113
Louisa,Iowa,19115
Lucas,Iowa,19117
Lyon,Iowa,19119
Madison,Iowa,19121
Mahaska,Iowa,19123
Marion,Iowa,19125
Marshall,Iowa,19127
Mills,Iowa,19129
Mitchell,Iowa,19131
Monona,Iowa,19133
Monroe,Iowa,19135
Montgomery,Iowa,19137
Muscatine,Iowa,19139
O'Brien,Iowa,19141
Osceola,Iowa,19143
Page,Iowa,19145
Palo Alto,Iowa,19147
Plymouth,Iowa,19149
Pocahontas,Iowa,19151
Polk,Iowa,19153
Pottawattamie,Iowa,19155
Poweshiek,Iowa,19157
Ringgold,Iowa,19159
Sac,Iowa,19161
Scott,Iowa,19163
Shelby,Iowa,19165
Sioux,Iowa,19167
Story,Iowa,19169
Tama,Iowa,19171
Taylor,Iowa,19173
Union,Iowa,19175
Van Buren,Iowa,19177
Wapello,Iowa,19179
Warren,Iowa,19181
Washington,Iowa,19183
Wayne,Iowa,19185
Webster,Iowa,19187
Winnebago,Iowa,19189
Winneshiek,Iowa,19191
Woodbury,Iowa,19193
Worth,Iowa,19195
Wright,Iowa,19197
Allen,Kansas,20001
Anderson,Kansas,20003
Atchison,Kansas,20005
Barber,Kansas,20007
Barton,Kansas,20009
Bourbon,Kansas,20011
Brown,Kansas,20013
Butler,Kansas,20015
Chase,Kansas,20017
Chautauqua,Kansas,20019
Cherokee,Kansas,20021
Cheyenne,Kansas,20023
Clark,Kansas,20025
Clay,Kansas,20027
Cloud,Kansas,20029
Coffey,Kansas,20031
Comanche,Kansas,20033
Cowley,Kansas,20035
Crawford,Kansas,20037
Decatur,Kansas,20039
Dickinson,Kansas,20041
Doniphan,Kansas,20043
Douglas,Kansas,20045
Edwards,Kansas,20047
Elk,Kansas,20049
Ellis,Kansas,20051
Ellsworth,Kansas,20053
Finney,Kansas,20055
Ford,Kansas,20057
Franklin,Kansas,20059
Geary,Kansas,20061
Gove,Kansas,20063
Graham,Kansas,20065
Grant,Kansas,20067
Gray,Kansas,20069
Greeley,Kansas,20071
Greenwood,Kansas,20073
Hamilton,Kansas,20075
Harper,Kansas,20077
Harvey,Kansas,20079
Haskell,Kansas,20081
Hodgeman,Kansas,20083
Jackson,Kansas,20085
Jefferson,Kansas,20087
Jewell,Kansas,20089
Johnson,Kansas,20091
Kearny,Kansas,20093
Kingman,Kansas,20095
Kiowa,Kansas,20097
Labette,Kansas,20099
Lane,Kansas,20101
Leavenworth,Kansas,20103
Lincoln,Kansas,20105
Linn,Kansas,20107
Logan,Kansas,20109
Lyon,Kansas,20111
Marion,Kansas,20115
Marshall,Kansas,20117
McPherson,Kansas,20113
Meade,Kansas,20119
Miami,Kansas,20121
Mitchell,Kansas,20123
Montgomery,Kansas,20125
Morris,Kansas,20127
Morton,Kansas,20129
Nemaha,Kansas,20131
Neosho,Kansas,20133
Ness,Kansas,20135
Norton,Kansas,20137
Osage,Kansas,20139
Osborne,Kansas,20141
Ottawa,Kansas,20143
Pawnee,Kansas,20145
Phillips,Kansas,20147
Pottawatomie,Kansas,20149
Pratt,Kansas,20151
Rawlins,Kansas,20153
Reno,Kansas,20155
Republic,Kansas,20157
Rice,Kansas,20159
Riley,Kansas,20161
Rooks,Kansas,20163
Rush,Kansas,20165
Russell,Kansas,20167
Saline,Kansas,20169
Scott,Kansas,20171
Sedgwick,Kansas,20173
Seward,Kansas,20175
Shawnee,Kansas,20177
Sheridan,Kansas,20179
Sherman,Kansas,20181
Smith,Kansas,20183
Stafford,Kansas,20185
Stanton,Kansas,20187
Stevens,Kansas,20189
Sumner,Kansas,20191
Thomas,Kansas,20193
Trego,Kansas,20195
Wabaunsee,Kansas,20197
Wallace,Kansas,20199
Washington,Kansas,20201
Wichita,Kansas,20203
Wilson,Kansas,20205
Woodson,Kansas,20207
Wyandotte,Kansas,20209
Adair,Kentucky,21001
Allen,Kentucky,21003
Anderson,Kentucky,21005
Ballard,Kentucky,21007
Barren,Kentucky,21009
Bath,Kentucky,21011
Bell,Kentucky,21013
Boone,Kentucky,21015
Bourbon,Kentucky,21017
Boyd,Kentucky,21019
Boyle,Kentucky,21021
Bracken,Kentucky,21023
Breathitt,Kentucky,21025
Breckinridge,Kentucky,21027
Bullitt,Kentucky,21029
Butler,Kentucky,21031
Caldwell,Kentucky,21033
Calloway,Kentucky,21035
Campbell,Kentucky,21037
Carlisle,Kentucky,21039
Carroll,Kentucky,21041
Carter,Kentucky,21043
Casey,Kentucky,21045
Christian,Kentucky,21047
Clark,Kentucky,21049
Clay,Kentucky,21051
Clinton,Kentucky,21053
Crittenden,Kentucky,21055
Cumberland,Kentucky,21057
Daviess,Kentucky,21059
Edmonson,Kentucky,21061
Elliott,Kentucky,21063
Estill,Kentucky,21065
Fayette,Kentucky,21067
Fleming,Kentucky,21069
Floyd,Kentucky,21071
Franklin,Kentucky,21073
Fulton,Kentucky,21075
Gallatin,Kentucky,21077
Garrard,Kentucky,21079
Grant,Kentucky,21081
Graves,Kentucky,21083
Grayson,Kentucky,21085
Green,Kentucky,21087
Greenup,Kentucky,21089
Hancock,Kentucky,21091
Hardin,Kentucky,21093
Harlan,Kentucky,21095
Harrison,Kentucky,21097
Hart,Kentucky,21099
Henderson,Kentucky,21101
Henry,Kentucky,21103
Hickman,Kentucky,21105
Hopkins,Kentucky,21107
Jackson,Kentucky,21109
Jefferson,Kentucky,21111
Jessamine,Kentucky,21113
Johnson,Kentucky,21115
Kenton,Kentucky,21117
Knott,Kentucky,21119
Knox,Kentucky,21121
Larue,Kentucky,21123
Laurel,Kentucky,21125
Lawrence,Kentucky,21127
Lee,Kentucky,21129
Leslie,Kentucky,21131
Letcher,Kentucky,21133
Lewis,Kentucky,21135
Lincoln,Kentucky,21137
Livingston,Kentucky,21139
Logan,Kentucky,21141
Lyon,Kentucky,21143
Madison,Kentucky,21151
Magoffin,Kentucky,21153
Marion,Kentucky,21155
Marshall,Kentucky,21157
Martin,Kentucky,21159
Mason,Kentucky,21161
McCracken,Kentucky,21145
McCreary,Kentucky,21147
McLean,Kentucky,21149
Meade,Kentucky,21163
Menifee,Kentucky,21165
Mercer,Kentucky,21167
Metcalfe,Kentucky,21169
Monroe,Kentucky,21171
Montgomery,Kentucky,21173
Morgan,Kentucky,21175
Muhlenberg,Kentucky,21177
Nelson,Kentucky,21179
Nicholas,Kentucky,21181
Ohio,Kentucky,21183
Oldham,Kentucky,21185
Owen,Kentucky,21187
Owsley,Kentucky,21189
Pendleton,Kentucky,21191
Perry,Kentucky,21193
Pike,Kentucky,21195
Powell,Kentucky,21197
Pulaski,Kentucky,21199
Robertson,Kentucky,21201
Rockcastle,Kentucky,21203
Rowan,Kentucky,21205
Russell,Kentucky,21207
Scott,Kentucky,21209
Shelby,Kentucky,21211
Simpson,Kentucky,21213
Spencer,Kentucky,21215
Taylor,Kentucky,21217
Todd,Kentucky,21219
Trigg,Kentucky,21221
Trimble,Kentucky,21223
Union,Kentucky,21225
Warren,Kentucky,21227
Washington,Kentucky,21229
Wayne,Kentucky,21231
Webster,Kentucky,21233
Whitley,Kentucky,21235
Wolfe,Kentucky,21237
Woodford,Kentucky,21239
Acadia,Louisiana,22001
Allen,Louisiana,22003
Ascension,Louisiana,22005
Assumption,Louisiana,22007
Avoyelles,Louisiana,22009
Beauregard,Louisiana,22011
Bienville,Louisiana,22013
Bossier,Louisiana,22015
Caddo,Louisiana,22017
Calcasieu,Louisiana,22019
Caldwell,Louisiana,22021
Cameron,Louisiana,22023
Catahoula,Louisiana,22025
Claiborne,Louisiana,22027
Concordia,Louisiana,22029
De Soto,Louisiana,22031
East Baton Rouge,Louisiana,22033
East Carroll,Louisiana,22035
East Feliciana,Louisiana,22037
Evangeline,Louisiana,22039
Franklin,Louisiana,22041
Grant,Louisiana,22043
Iberia,Louisiana,22045
Iberville,Louisiana,22047
Jackson,Louisiana,22049
Jefferson,Louisiana,22051
Jefferson Davis,Louisiana,22053
LaSalle,Louisiana,22059
Lafayette,Louisiana,22055
Lafourche,Louisiana,22057
Lincoln,Louisiana,22061
Livingston,Louisiana,22063
Madison,Louisiana,22065
Morehouse,Louisiana,22067
Natchitoches,Louisiana,22069
Orleans,Louisiana,22071
Ouachita,Louisiana,22073
Plaquemines,Louisiana,22075
Pointe Coupee,Louisiana,22077
Rapides,Louisiana,22079
Red River,Louisiana,22081
Richland,Louisiana,22083
Sabine,Louisiana,22085
St. Bernard,Louisiana,22087
St. Charles,Louisiana,22089
St. Helena,Louisiana,22091
St. James,Louisiana,22093
St. John the Baptist,Louisiana,22095
St. Landry,Louisiana,22097
St. Martin,Louisiana,22099
St. Mary,Louisiana,22101
St. Tammany,Louisiana,22103
Tangipahoa,Louisiana,22105
Tensas,Louisiana,22107
Terrebonne,Louisiana,22109
Union,Louisiana,22111
Vermilion,Louisiana,22113
Vernon,Louisiana,22115
Washington,Louisiana,22117
Webster,Louisiana,22119
West Baton Rouge,Louisiana,22121
West Carroll,Louisiana,22123
West Feliciana,Louisiana,22125
Winn,Louisiana,22127
Androscoggin,Maine,23001
Aroostook,Maine,23003
Cumberland,Maine,23005
Franklin,Maine,23007
Hancock,Maine,23009
Kennebec,Maine,23011
Knox,Maine,23013
Lincoln,Maine,23015
Oxford,Maine,23017
Penobscot,Maine,23019
Piscataquis,Maine,23021
Sagadahoc,Maine,23023
Somerset,Maine,23025
Waldo,Maine,23027
Washington,Maine,23029
York,Maine,23031
Allegany,Maryland,24001
Anne Arundel,Maryland,24003
Baltimore,Maryland,24005
Baltimore city,Maryland,24510
Calvert,Maryland,24009
Caroline,Maryland,24011
Carroll,Maryland,24013
Cecil,Maryland,24015
Charles,Maryland,24017
Dorchester,Maryland,24019
Frederick,Maryland,24021
Garrett,Maryland,24023
Harford,Maryland,24025
Howard,Maryland,24027
Kent,Maryland,24029
Montgomery,Maryland,24031
Prince George's,Maryland,24033
Queen Anne's,Maryland,24035
Somerset,Maryland,24039
St. Mary's,Maryland,24037
Talbot,Maryland,24041
Washington,Maryland,24043
Wicomico,Maryland,24045
Worcester,Maryland,24047
Barnstable,Massachusetts,25001
Berkshire,Massachusetts,25003
Bristol,Massachusetts,25005
Dukes,Massachusetts,25007
Essex,Massachusetts,25009
Franklin,Massachusetts,25011
Hampden,Massachusetts,25013
Hampshire,Massachusetts,25015
Middlesex,Massachusetts,25017
Nantucket,Massachusetts,25019
Norfolk,Massachusetts,25021
Plymouth,Massachusetts,25023
Suffolk,Massachusetts,25025
Worcester,Massachusetts,25027
Alcona,Michigan,26001
Alger,Michigan,26003
Allegan,Michigan,26005
Alpena,Michigan,26007
Antrim,Michigan,26009
Arenac,Michigan,26011
Baraga,Michigan,26013
Barry,Michigan,26015
Bay,Michigan,26017
Benzie,Michigan,26019
Berrien,Michigan,26021
Branch,Michigan,26023
Calhoun,Michigan,26025
Cass,Michigan,26027
Charlevoix,Michigan,26029
Cheboygan,Michigan,26031
Chippewa,Michigan,26033
Clare,Michigan,26035
Clinton,Michigan,26037
Crawford,Michigan,26039
Delta,Michigan,26041
Dickinson,Michigan,26043
Eaton,Michigan,26045
Emmet,Michigan,26047
Genesee,Michigan,26049
Gladwin,Michigan,26051
Gogebic,Michigan,26053
Grand Traverse,Michigan,26055
Gratiot,Michigan,26057
Hillsdale,Michigan,26059
Houghton,Michigan,26061
Huron,Michigan,26063
Ingham,Michigan,26065
Ionia,Michigan,26067
Iosco,Michigan,26069
Iron,Michigan,26071
Isabella,Michigan,26073
Jackson,Michigan,26075
Kalamazoo,Michigan,26077
Kalkaska,Michigan,26079
Kent,Michigan,26081
Keweenaw,Michigan,26083
Lake,Michigan,26085
Lapeer,Michigan,26087
Leelanau,Michigan,26089
Lenawee,Michigan,26091
Livingston,Michigan,26093
Luce,Michigan,26095
Mackinac,Michigan,26097
Macomb,Michigan,26099
Manistee,Michigan,26101
Marquette,Michigan,26103
Mason,Michigan,26105
Mecosta,Michigan,26107
Menominee,Michigan,26109
Midland,Michigan,26111
Missaukee,Michigan,26113
Monroe,Michigan,26115
Montcalm,Michigan,26117
Montmorency,Michigan,26119
Muskegon,Michigan,26121
Newaygo,Michigan,26123
Oakland,Michigan,26125
Oceana,Michigan,26127
Ogemaw,Michigan,26129
Ontonagon,Michigan,26131
Osceola,Michigan,26133
Oscoda,Michigan,26135
Otsego,Michigan,26137
Ottawa,Michigan,26139
Presque Isle,Michigan,26141
Roscommon,Michigan,26143
Saginaw,Michigan,26145
Sanilac,Michigan,26151
Schoolcraft,Michigan,26153
Shiawassee,Michigan,26155
St. Clair,Michigan,26147
St. Joseph,Michigan,26149
Tuscola,Michigan,26157
Van Buren,Michigan,26159
Washtenaw,Michigan,26161
Wayne,Michigan,26163
Wexford,Michigan,26165
Aitkin,Minnesota,27001
Anoka,Minnesota,27003
Becker,Minnesota,27005
Beltrami,Minnesota,27007
Benton,Minnesota,27009
Big Stone,Minnesota,27011
Blue Earth,Minnesota,27013
Brown,Minnesota,27015
Carlton,Minnesota,27017
Carver,Minnesota,27019
Cass,Minnesota,27021
Chippewa,Minnesota,27023
Chisago,Minnesota,27025
Clay,Minnesota,27027
Clearwater,Minnesota,27029
Cook,Minnesota,27031
Cottonwood,Minnesota,27033
Crow Wing,Minnesota,27035
Dakota,Minnesota,27037
Dodge,Minnesota,27039
Douglas,Minnesota,27041
Faribault,Minnesota,27043
Fillmore,Minnesota,27045
Freeborn,Minnesota,27047
Goodhue,Minnesota,27049
Grant,Minnesota,27051
Hennepin,Minnesota,27053
Houston,Minnesota,27055
Hubbard,Minnesota,27057
Isanti,Minnesota,27059
Itasca,Minnesota,27061
Jackson,Minnesota,27063
Kanabec,Minnesota,27065
Kandiyohi,Minnesota,27067
Kittson,Minnesota,27069
Koochiching,Minnesota,27071
Lac qui Parle,Minnesota,27073
Lake,Minnesota,27075
Lake of the Woods,Minnesota,27077
Le Sueur,Minnesota,27079
Lincoln,Minnesota,27081
Lyon,Minnesota,27083
Mahnomen,Minnesota,27087
Marshall,Minnesota,27089
Martin,Minnesota,27091
McLeod,Minnesota,27085
Meeker,Minnesota,27093
Mille Lacs,Minnesota,27095
Morrison,Minnesota,27097
Mower,Minnesota,27099
Murray,Minnesota,27101
Nicollet,Minnesota,27103
Nobles,Minnesota,27105
Norman,Minnesota,27107
Olmsted,Minnesota,27109
Otter Tail,Minnesota,27111
Pennington,Minnesota,27113
Pine,Minnesota,27115
Pipestone,Minnesota,27117
Polk,Minnesota,27119
Pope,Minnesota,27121
Ramsey,Minnesota,27123
Red Lake,Minnesota,27125
Redwood,Minnesota,27127
Renville,Minnesota,27129
Rice,Minnesota,27131
Rock,Minnesota,27133
Roseau,Minnesota,27135
Scott,Minnesota,27139
Sherburne,Minnesota,27141
Sibley,Minnesota,27143
St. Louis,Minnesota,27137
Stearns,Minnesota,27145
Steele,Minnesota,27147
Stevens,Minnesota,27149
Swift,Minnesota,27151
Todd,Minnesota,27153
Traverse,Minnesota,27155
Wabasha,Minnesota,27157
Wadena,Minnesota,27159
Waseca,Minnesota,27161
Washington,Minnesota,27163
Watonwan,Minnesota,27165
Wilkin,Minnesota,27167
Winona,Minnesota,27169
Wright,Minnesota,27171
Yellow Medicine,Minnesota,27173
Adams,Mississippi,28001
Alcorn,Mississippi,28003
Amite,Mississippi,28005
Attala,Mississippi,28007
Benton,Mississippi,28009
Bolivar,Mississippi,28011
Calhoun,Mississippi,28013
Carroll,Mississippi,28015
Chickasaw,Mississippi,28017
Choctaw,Mississippi,28019
Claiborne,Mississippi,28021
Clarke,Mississippi,28023
Clay,Mississippi,28025
Coahoma,Mississippi,28027
Copiah,Mississippi,28029
Covington,Mississippi,28031
DeSoto,Mississippi,28033
Forrest,Mississippi,28035
Franklin,Mississippi,28037
George,Mississippi,28039
Greene,Mississippi,28041
Grenada,Mississippi,28043
Hancock,Mississippi,28045
Harrison,Mississippi,28047
Hinds,Mississippi,28049
Holmes,Mississippi,28051
Humphreys,Mississippi,28053
Issaquena,Mississippi,28055
Itawamba,Mississippi,28057
Jackson,Mississippi,28059
Jasper,Mississippi,28061
Jefferson,Mississippi,28063
Jefferson Davis,Mississippi,28065
Jones,Mississippi,28067
Kemper,Mississippi,28069
Lafayette,Mississippi,28071
Lamar,Mississippi,28073
Lauderdale,Mississippi,28075
Lawrence,Mississippi,28077
Leake,Mississippi,28079
Lee,Mississippi,28081
Leflore,Mississippi,28083
Lincoln,Mississippi,28085
Lowndes,Mississippi,28087
Madison,Mississippi,28089
Marion,Mississippi,28091
Marshall,Mississippi,28093
Monroe,Mississippi,28095
Montgomery,Mississippi,28097
Neshoba,Mississippi,28099
Newton,Mississippi,28101
Noxubee,Mississippi,28103
Oktibbeha,Mississippi,28105
Panola,Mississippi,28107
Pearl River,Mississippi,28109
Perry,Mississippi,28111
Pike,Mississippi,28113
Pontotoc,Mississippi,28115
Prentiss,Mississippi,28117
Quitman,Mississippi,28119
Rankin,Mississippi,28121
Scott,Mississippi,28123
Sharkey,Mississippi,28125
Simpson,Mississippi,28127
Smith,Mississippi,28129
Stone,Mississippi,28131
Sunflower,Mississippi,28133
Tallahatchie,Mississippi,28135
Tate,Mississippi,28137
Tippah,Mississippi,28139
Tishomingo,Mississippi,28141
Tunica,Mississippi,28143
Union,Mississippi,28145
Walthall,Mississippi,28147
Warren,Mississippi,28149
Washington,Mississippi,28151
Wayne,Mississippi,28153
Webster,Mississippi,28155
Wilkinson,Mississippi,28157
Winston,Mississippi,28159
Yalobusha,Mississippi,28161
Yazoo,Mississippi,28163
Adair,Missouri,29001
Andrew,Missouri,29003
Atchison,Missouri,29005
Audrain,Missouri,29007
Barry,Missouri,29009
Barton,Missouri,29011
Bates,Missouri,29013
Benton,Missouri,29015
Bollinger,Missouri,29017
Boone,Missouri,29019
Buchanan,Missouri,29021
Butler,Missouri,29023
Caldwell,Missouri,29025
Callaway,Missouri,29027
Camden,Missouri,29029
Cape Girardeau,Missouri,29031
Carroll,Missouri,29033
Carter,Missouri,29035
Cass,Missouri,29037
Cedar,Missouri,29039
Chariton,Missouri,29041
Christian,Missouri,29043
Clark,Missouri,29045
Clay,Missouri,29047
Clinton,Missouri,29049
Cole,Missouri,29051
Cooper,Missouri,29053
Crawford,Missouri,29055
Dade,Missouri,29057
Dallas,Missouri,29059
Daviess,Missouri,29061
DeKalb,Missouri,29063
Dent,Missouri,29065
Douglas,Missouri,29067
Dunklin,Missouri,29069
Franklin,Missouri,29071
Gasconade,Missouri,29073
Gentry,Missouri,29075
Greene,Missouri,29077
Grundy,Missouri,29079
Harrison,Missouri,29081
Henry,Missouri,29083
Hickory,Missouri,29085
Holt,Missouri,29087
Howard,Missouri,29089
Howell,Missouri,29091
Iron,Missouri,29093
Jackson,Missouri,29095
Jasper,Missouri,29097
Jefferson,Missouri,29099
Johnson,Missouri,29101
Knox,Missouri,29103
Laclede,Missouri,29105
Lafayette,Missouri,29107
Lawrence,Missouri,29109
Lewis,Missouri,29111
Lincoln,Missouri,29113
Linn,Missouri,29115
Livingston,Missouri,29117
Macon,Missouri,29121
Madison,Missouri,29123
Maries,Missouri,29125
Marion,Missouri,29127
McDonald,Missouri,29119
Mercer,Missouri,29129
Miller,Missouri,29131
Mississippi,Missouri,29133
Moniteau,Missouri,29135
Monroe,Missouri,29137
Montgomery,Missouri,29139
Morgan,Missouri,29141
New Madrid,Missouri,29143
Newton,Missouri,29145
Nodaway,Missouri,29147
Oregon,Missouri,29149
Osage,Missouri,29151
Ozark,Missouri,29153
Pemiscot,Missouri,29155
Perry,Missouri,29157
Pettis,Missouri,29159
Phelps,Missouri,29161
Pike,Missouri,29163
Platte,Missouri,29165
Polk,Missouri,29167
Pulaski,Missouri,29169
Putnam,Missouri,29171
Ralls,Missouri,29173
Randolph,Missouri,29175
Ray,Missouri,29177
Reynolds,Missouri,29179
Ripley,Missouri,29181
Saline,Missouri,29195
Schuyler,Missouri,29197
Scotland,Missouri,29199
Scott,Missouri,29201
Shannon,Missouri,29203
Shelby,Missouri,29205
St. Charles,Missouri,29183
St. Clair,Missouri,29185
St. Francois,Missouri,29187
St. Louis,Missouri,29189
St. Louis city,Missouri,29510
Ste. Genevieve,Missouri,29186
Stoddard,Missouri,29207
Stone,Missouri,29209
Sullivan,Missouri,29211
Taney,Missouri,29213
Texas,Missouri,29215
Vernon,Missouri,29217
Warren,Missouri,29219
Washington,Missouri,29221
Wayne,Missouri,29223
Webster,Missouri,29225
Worth,Missouri,29227
Wright,Missouri,29229
Beaverhead,Montana,30001
Big Horn,Montana,30003
Blaine,Montana,30005
Broadwater,Montana,30007
Carbon,Montana,30009
Carter,Montana,30011
Cascade,Montana,30013
Chouteau,Montana,30015
Custer,Montana,30017
Daniels,Montana,30019
Dawson,Montana,30021
Deer Lodge,Montana,30023
Fallon,Montana,30025
Fergus,Montana,30027
Flathead,Montana,30029
Gallatin,Montana,30031
Garfield,Montana,30033
Glacier,Montana,30035
Golden Valley,Montana,30037
Granite,Montana,30039
Hill,Montana,30041
Jefferson,Montana,30043
Judith Basin,Montana,30045
Lake,Montana,30047
Lewis and Clark,Montana,30049
Liberty,Montana,30051
Lincoln,Montana,30053
Madison,Montana,30057
McCone,Montana,30055
Meagher,Montana,30059
Mineral,Montana,30061
Missoula,Montana,30063
Musselshell,Montana,30065
Park,Montana,30067
Petroleum,Montana,30069
Phillips,Montana,30071
Pondera,Montana,30073
Powder River,Montana,30075
Powell,Montana,30077
Prairie,Montana,30079
Ravalli,Montana,30081
Richland,Montana,30083
Roosevelt,Montana,30085
Rosebud,Montana,30087
Sanders,Montana,30089
Sheridan,Montana,30091
Silver Bow,Montana,30093
Stillwater,Montana,30095
Sweet Grass,Montana,30097
Teton,Montana,30099
Toole,Montana,30101
Treasure,Montana,30103
Valley,Montana,30105
Wheatland,Montana,30107
Wibaux,Montana,30109
Yellowstone,Montana,30111
Adams,Nebraska,31001
Antelope,Nebraska,31003
Arthur,Nebraska,31005
Banner,Nebraska,31007
Blaine,Nebraska,31009
Boone,Nebraska,31011
Box Butte,Nebraska,31013
Boyd,Nebraska,31015
Brown,Nebraska,31017
Buffalo,Nebraska,31019
Burt,Nebraska,31021
Butler,Nebraska,31023
Cass,Nebraska,31025
Cedar,Nebraska,31027
Chase,Nebraska,31029
Cherry,Nebraska,31031
Cheyenne,Nebraska,31033
Clay,Nebraska,31035
Colfax,Nebraska,31037
Cuming,Nebraska,31039
Custer,Nebraska,31041
Dakota,Nebraska,31043
Dawes,Nebraska,31045
Dawson,Nebraska,31047
Deuel,Nebraska,31049
Dixon,Nebraska,31051
Dodge,Nebraska,31053
Douglas,Nebraska,31055
Dundy,Nebraska,31057
Fillmore,Nebraska,31059
Franklin,Nebraska,31061
Frontier,Nebraska,31063
Furnas,Nebraska,31065
Gage,Nebraska,31067
Garden,Nebraska,31069
Garfield,Nebraska,31071
Gosper,Nebraska,31073
Grant,Nebraska,31075
Greeley,Nebraska,31077
Hall,Nebraska,31079
Hamilton,Nebraska,31081
Harlan,Nebraska,31083
Hayes,Nebraska,31085
Hitchcock,Nebraska,31087
Holt,Nebraska,31089
Hooker,Nebraska,31091
Howard,Nebraska,31093
Jefferson,Nebraska,31095
Johnson,Nebraska,31097
Kearney,Nebraska,31099
Keith,Nebraska,31101
Keya Paha,Nebraska,31103
Kimball,Nebraska,31105
Knox,Nebraska,31107
Lancaster,Nebraska,31109
Lincoln,Nebraska,31111
Logan,Nebraska,31113
Loup,Nebraska,31115
Madison,Nebraska,31119
McPherson,Nebraska,31117
Merrick,Nebraska,31121
Morrill,Nebraska,31123
Nance,Nebraska,31125
Nemaha,Nebraska,31127
Nuckolls,Nebraska,31129
Otoe,Nebraska,31131
Pawnee,Nebraska,31133
Perkins,Nebraska,31135
Phelps,Nebraska,31137
Pierce,Nebraska,31139
Platte,Nebraska,31141
Polk,Nebraska,31143
Red Willow,Nebraska,31145
Richardson,Nebraska,31147
Rock,Nebraska,31149
Saline,Nebraska,31151
Sarpy,Nebraska,31153
Saunders,Nebraska,31155
Scotts Bluff,Nebraska,31157
Seward,Nebraska,31159
Sheridan,Nebraska,31161
Sherman,Nebraska,31163
Sioux,Nebraska,31165
Stanton,Nebraska,31167
Thayer,Nebraska,31169
Thomas,Nebraska,31171
Thurston,Nebraska,31173
Valley,Nebraska,31175
Washington,Nebraska,31177
Wayne,Nebraska,31179
Webster,Nebraska,31181
Wheeler,Nebraska,31183
York,Nebraska,31185
Carson City,Nevada,32510
Churchill,Nevada,32001
Clark,Nevada,32003
Douglas,Nevada,32005
Elko,Nevada,32007
Esmeralda,Nevada,32009
Eureka,Nevada,32011
Humboldt,Nevada,32013
Lander,Nevada,32015
Lincoln,Nevada,32017
Lyon,Nevada,32019
Mineral,Nevada,32021
Nye,Nevada,32023
Pershing,Nevada,32027
Storey,Nevada,32029
Washoe,Nevada,32031
White Pine,Nevada,32033
Belknap,New Hampshire,33001
Carroll,New Hampshire,33003
Cheshire,New Hampshire,33005
Coos,New Hampshire,33007
Grafton,New Hampshire,33009
Hillsborough,New Hampshire,33011
Merrimack,New Hampshire,33013
Rockingham,New Hampshire,33015
Strafford,New Hampshire,33017
Sullivan,New Hampshire,33019
Atlantic,New Jersey,34001
Bergen,New Jersey,34003
Burlington,New Jersey,34005
Camden,New Jersey,34007
Cape May,New Jersey,34009
Cumberland,New Jersey,34011
Essex,New Jersey,34013
Gloucester,New Jersey,34015
Hudson,New Jersey,34017
Hunterdon,New Jersey,34019
Mercer,New Jersey,34021
Middlesex,New Jersey,34023
Monmouth,New Jersey,34025
Morris,New Jersey,34027
Ocean,New Jersey,34029
Passaic,New Jersey,34031
Salem,New Jersey,34033
Somerset,New Jersey,34035
Sussex,New Jersey,34037
Union,New Jersey,34039
Warren,New Jersey,34041
Bernalillo,New Mexico,35001
Catron,New Mexico,35003
Chaves,New Mexico,35005
Cibola,New Mexico,35006
Colfax,New Mexico,35007
Curry,New Mexico,35009
De Baca,New Mexico,35011
Doña Ana,New Mexico,35013
Eddy,New Mexico,35015
Grant,New Mexico,35017
Guadalupe,New Mexico,35019
Harding,New Mexico,35021
Hidalgo,New Mexico,35023
Lea,New Mexico,35025
Lincoln,New Mexico,35027
Los Alamos,New Mexico,35028
Luna,New Mexico,35029
McKinley,New Mexico,35031
Mora,New Mexico,35033
Otero,New Mexico,35035
Quay,New Mexico,35037
Rio Arriba,New Mexico,35039
Roosevelt,New Mexico,35041
San Juan,New Mexico,35045
San Miguel,New Mexico,35047
Sandoval,New Mexico,35043
Santa Fe,New Mexico,35049
Sierra,New Mexico,35051
Socorro,New Mexico,35053
Taos,New Mexico,35055
Torrance,New Mexico,35057
Union,New Mexico,35059
Valencia,New Mexico,35061
Albany,New York,36001
Allegany,New York,36003
Broome,New York,36007
Cattaraugus,New York,36009
Cayuga,New York,36011
Chautauqua,New York,36013
Chemung,New York,36015
Chenango,New York,36017
Clinton,New York,36019
Columbia,New York,36021
Cortland,New York,36023
Delaware,New York,36025
Dutchess,New York,36027
Erie,New York,36029
Essex,New York,36031
Franklin,New York,36033
Fulton,New York,36035
Genesee,New York,36037
Greene,New York,36039
Hamilton,New York,36041
Herkimer,New York,36043
Jefferson,New York,36045
Lewis,New York,36049
Livingston,New York,36051
Madison,New York,36053
Monroe,New York,36055
Montgomery,New York,36057
Nassau,New York,36059
Niagara,New York,36063
Oneida,New York,36065
Onondaga,New York,36067
Ontario,New York,36069
Orange,New York,36071
Orleans,New York,36073
Oswego,New York,36075
Otsego,New York,36077
Putnam,New York,36079
Rensselaer,New York,36083
Rockland,New York,36087
Saratoga,New York,36091
Schenectady,New York,36093
Schoharie,New York,36095
Schuyler,New York,36097
Seneca,New York,36099
St. Lawrence,New York,36089
Steuben,New York,36101
Suffolk,New York,36103
Sullivan,New York,36105
Tioga,New York,36107
Tompkins,New York,36109
Ulster,New York,36111
Warren,New York,36113
Washington,New York,36115
Wayne,New York,36117
Westchester,New York,36119
Wyoming,New York,36121
Yates,New York,36123
Alamance,North Carolina,37001
Alexander,North Carolina,37003
Alleghany,North Carolina,37005
Anson,North Carolina,37007
Ashe,North Carolina,37009
Avery,North Carolina,37011
Beaufort,North Carolina,37013
Bertie,North Carolina,37015
Bladen,North Carolina,37017
Brunswick,North Carolina,37019
Buncombe,North Carolina,37021
Burke,North Carolina,37023
Cabarrus,North Carolina,37025
Caldwell,North Carolina,37027
Camden,North Carolina,37029
Carteret,North Carolina,37031
Caswell,North Carolina,37033
Catawba,North Carolina,37035
Chatham,North Carolina,37037
Cherokee,North Carolina,37039
Chowan,North Carolina,37041
Clay,North Carolina,37043
Cleveland,North Carolina,37045
Columbus,North Carolina,37047
Craven,North Carolina,37049
Cumberland,North Carolina,37051
Currituck,North Carolina,37053
Dare,North Carolina,37055
Davidson,North Carolina,37057
Davie,North Carolina,37059
Duplin,North Carolina,37061
Durham,North Carolina,37063
Edgecombe,North Carolina,37065
Forsyth,North Carolina,37067
Franklin,North Carolina,37069
Gaston,North Carolina,37071
Gates,North Carolina,37073
Graham,North Carolina,37075
Granville,North Carolina,37077
Greene,North Carolina,37079
Guilford,North Carolina,37081
Halifax,North Carolina,37083
Harnett,North Carolina,37085
Haywood,North Carolina,37087
Henderson,North Carolina,37089
Hertford,North Carolina,37091
Hoke,North Carolina,37093
Hyde,North Carolina,37095
Iredell,North Carolina,37097
Jackson,North Carolina,37099
Johnston,North Carolina,37101
Jones,North Carolina,37103
Lee,North Carolina,37105
Lenoir,North Carolina,37107
Lincoln,North Carolina,37109
Macon,North Carolina,37113
Madison,North Carolina,37115
Martin,North Carolina,37117
McDowell,North Carolina,37111
Mecklenburg,North Carolina,37119
Mitchell,North Carolina,37121
Montgomery,North Carolina,37123
Moore,North Carolina,37125
Nash,North Carolina,37127
New Hanover,North Carolina,37129
Northampton,North Carolina,37131
Onslow,North Carolina,37133
Orange,North Carolina,37135
Pamlico,North Carolina,37137
Pasquotank,North Carolina,37139
Pender,North Carolina,37141
Perquimans,North Carolina,37143
Person,North Carolina,37145
Pitt,North Carolina,37147
Polk,North Carolina,37149
Randolph,North Carolina,37151
Richmond,North Carolina,37153
Robeson,North Carolina,37155
Rockingham,North Carolina,37157
Rowan,North Carolina,37159
Rutherford,North Carolina,37161
Sampson,North Carolina,37163
Scotland,North Carolina,37165
Stanly,North Carolina,37167
Stokes,North Carolina,37169
Surry,North Carolina,37171
Swain,North Carolina,37173
Transylvania,North Carolina,37175
Tyrrell,North Carolina,37177
Union,North Carolina,37179
Vance,North Carolina,37181
Wake,North Carolina,37183
Warren,North Carolina,37185
Washington,North Carolina,37187
Watauga,North Carolina,37189
Wayne,North Carolina,37191
Wilkes,North Carolina,37193
Wilson,North Carolina,37195
Yadkin,North Carolina,37197
Yancey,North Carolina,37199
Adams,North Dakota,38001
Barnes,North Dakota,38003
Benson,North Dakota,38005
Billings,North Dakota,38007
Bottineau,North Dakota,38009
Bowman,North Dakota,38011
Burke,North Dakota,38013
Burleigh,North Dakota,38015
Cass,North Dakota,38017
Cavalier,North Dakota,38019
Dickey,North Dakota,38021
Divide,North Dakota,38023
Dunn,North Dakota,38025
Eddy,North Dakota,38027
Emmons,North Dakota,38029
Foster,North Dakota,38031
Golden Valley,North Dakota,38033
Grand Forks,North Dakota,38035
Grant,North Dakota,38037
Griggs,North Dakota,38039
Hettinger,North Dakota,38041
Kidder,North Dakota,38043
LaMoure,North Dakota,38045
Logan,North Dakota,38047
McHenry,North Dakota,38049
McIntosh,North Dakota,38051
McKenzie,North Dakota,38053
McLean,North Dakota,38055
Mercer,North Dakota,38057
Morton,North Dakota,38059
Mountrail,North Dakota,38061
Nelson,North Dakota,38063
Oliver,North Dakota,38065
Pembina,North Dakota,38067
Pierce,North Dakota,38069
Ramsey,North Dakota,38071
Ransom,North Dakota,38073
Renville,North Dakota,38075
Richland,North Dakota,38077
Rolette,North Dakota,38079
Sargent,North Dakota,38081
Sheridan,North Dakota,38083
Sioux,North Dakota,38085
Slope,North Dakota,38087
Stark,North Dakota,38089
Steele,North Dakota,38091
Stutsman,North Dakota,38093
Towner,North Dakota,38095
Traill,North Dakota,38097
Walsh,North Dakota,38099
Ward,North Dakota,38101
Wells,North Dakota,38103
Williams,North Dakota,38105
Saipan,Northern Mariana Islands,69110
Tinian,Northern Mariana Islands,69120
Adams,Ohio,39001
Allen,Ohio,39003
Ashland,Ohio,39005
Ashtabula,Ohio,39007
Athens,Ohio,39009
Auglaize,Ohio,39011
Belmont,Ohio,39013
Brown,Ohio,39015
Butler,Ohio,39017
Carroll,Ohio,39019
Champaign,Ohio,39021
Clark,Ohio,39023
Clermont,Ohio,39025
Clinton,Ohio,39027
Columbiana,Ohio,39029
Coshocton,Ohio,39031
Crawford,Ohio,39033
Cuyahoga,Ohio,39035
Darke,Ohio,39037
Defiance,Ohio,39039
Delaware,Ohio,39041
Erie,Ohio,39043
Fairfield,Ohio,39045
Fayette,Ohio,39047
Franklin,Ohio,39049
Fulton,Ohio,39051
Gallia,Ohio,39053
Geauga,Ohio,39055
Greene,Ohio,39057
Guernsey,Ohio,39059
Hamilton,Ohio,39061
Hancock,Ohio,39063
Hardin,Ohio,39065
Harrison,Ohio,39067
Henry,Ohio,39069
Highland,Ohio,39071
Hocking,Ohio,39073
Holmes,Ohio,39075
Huron,Ohio,39077
Jackson,Ohio,39079
Jefferson,Ohio,39081
Knox,Ohio,39083
Lake,Ohio,39085
Lawrence,Ohio,39087
Licking,Ohio,39089
Logan,Ohio,39091
Lorain,Ohio,39093
Lucas,Ohio,39095
Madison,Ohio,39097
Mahoning,Ohio,39099
Marion,Ohio,39101
Medina,Ohio,39103
Meigs,Ohio,39105
Mercer,Ohio,39107
Miami,Ohio,39109
Monroe,Ohio,39111
Montgomery,Ohio,39113
Morgan,Ohio,39115
Morrow,Ohio,39117
Muskingum,Ohio,39119
Noble,Ohio,39121
Ottawa,Ohio,39123
Paulding,Ohio,39125
Perry,Ohio,39127
Pickaway,Ohio,39129
Pike,Ohio,39131
Portage,Ohio,39133
Preble,Ohio,39135
Putnam,Ohio,39137
Richland,Ohio,39139
Ross,Ohio,39141
Sandusky,Ohio,39143
Scioto,Ohio,39145
Seneca,Ohio,39147
Shelby,Ohio,39149
Stark,Ohio,39151
Summit,Ohio,39153
Trumbull,Ohio,39155
Tuscarawas,Ohio,39157
Union,Ohio,39159
Van Wert,Ohio,39161
Vinton,Ohio,39163
Warren,Ohio,39165
Washington,Ohio,39167
Wayne,Ohio,39169
Williams,Ohio,39171
Wood,Ohio,39173
Wyandot,Ohio,39175
Adair,Oklahoma,40001
Alfalfa,Oklahoma,40003
Atoka,Oklahoma,40005
Beaver,Oklahoma,40007
Beckham,Oklahoma,40009
Blaine,Oklahoma,40011
Bryan,Oklahoma,40013
Caddo,Oklahoma,40015
Canadian,Oklahoma,40017
Carter,Oklahoma,40019
Cherokee,Oklahoma,40021
Choctaw,Oklahoma,40023
Cimarron,Oklahoma,40025
Cleveland,Oklahoma,40027
Coal,Oklahoma,40029
Comanche,Oklahoma,40031
Cotton,Oklahoma,40033
Craig,Oklahoma,40035
Creek,Oklahoma,40037
Custer,Oklahoma,40039
Delaware,Oklahoma,40041
Dewey,Oklahoma,40043
Ellis,Oklahoma,40045
Garfield,Oklahoma,40047
Garvin,Oklahoma,40049
Grady,Oklahoma,40051
Grant,Oklahoma,40053
Greer,Oklahoma,40055
Harmon,Oklahoma,40057
Harper,Oklahoma,40059
Haskell,Oklahoma,40061
Hughes,Oklahoma,40063
Jackson,Oklahoma,40065
Jefferson,Oklahoma,40067
Johnston,Oklahoma,40069
Kay,Oklahoma,40071
Kingfisher,Oklahoma,40073
Kiowa,Oklahoma,40075
Latimer,Oklahoma,40077
Le Flore,Oklahoma,40079
Lincoln,Oklahoma,40081
Logan,Oklahoma,40083
Love,Oklahoma,40085
Major,Oklahoma,40093
Marshall,Oklahoma,40095
Mayes,Oklahoma,40097
McClain,Oklahoma,40087
McCurtain,Oklahoma,40089
McIntosh,Oklahoma,40091
Murray,Oklahoma,40099
Muskogee,Oklahoma,40101
Noble,Oklahoma,40103
Nowata,Oklahoma,40105
Okfuskee,Oklahoma,40107
Oklahoma,Oklahoma,40109
Okmulgee,Oklahoma,40111
Osage,Oklahoma,40113
Ottawa,Oklahoma,40115
Pawnee,Oklahoma,40117
Payne,Oklahoma,40119
Pittsburg,Oklahoma,40121
Pontotoc,Oklahoma,40123
Pottawatomie,Oklahoma,40125
Pushmataha,Oklahoma,40127
Roger Mills,Oklahoma,40129
Rogers,Oklahoma,40131
Seminole,Oklahoma,40133
Sequoyah,Oklahoma,40135
Stephens,Oklahoma,40137
Texas,Oklahoma,40139
Tillman,Oklahoma,40141
Tulsa,Oklahoma,40143
Wagoner,Oklahoma,40145
Washington,Oklahoma,40147
Washita,Oklahoma,40149
Woods,Oklahoma,40151
Woodward,Oklahoma,40153
Baker,Oregon,41001
Benton,Oregon,41003
Clackamas,Oregon,41005
Clatsop,Oregon,41007
Columbia,Oregon,41009
Coos,Oregon,41011
Crook,Oregon,41013
Curry,Oregon,41015
Deschutes,Oregon,41017
Douglas,Oregon,41019
Gilliam,Oregon,41021
Grant,Oregon,41023
Harney,Oregon,41025
Hood River,Oregon,41027
Jackson,Oregon,41029
Jefferson,Oregon,41031
Josephine,Oregon,41033
Klamath,Oregon,41035
Lake,Oregon,41037
Lane,Oregon,41039
Lincoln,Oregon,41041
Linn,Oregon,41043
Malheur,Oregon,41045
Marion,Oregon,41047
Morrow,Oregon,41049
Multnomah,Oregon,41051
Polk,Oregon,41053
Sherman,Oregon,41055
Tillamook,Oregon,41057
Umatilla,Oregon,41059
Union,Oregon,41061
Wallowa,Oregon,41063
Wasco,Oregon,41065
Washington,Oregon,41067
Wheeler,Oregon,41069
Yamhill,Oregon,41071
Adams,Pennsylvania,42001
Allegheny,Pennsylvania,42003
Armstrong,Pennsylvania,42005
Beaver,Pennsylvania,42007
Bedford,Pennsylvania,42009
Berks,Pennsylvania,42011
Blair,Pennsylvania,42013
Bradford,Pennsylvania,42015
Bucks,Pennsylvania,42017
Butler,Pennsylvania,42019
Cambria,Pennsylvania,42021
Cameron,Pennsylvania,42023
Carbon,Pennsylvania,42025
Centre,Pennsylvania,42027
Chester,Pennsylvania,42029
Clarion,Pennsylvania,42031
Clearfield,Pennsylvania,42033
Clinton,Pennsylvania,42035
Columbia,Pennsylvania,42037
Crawford,Pennsylvania,42039
Cumberland,Pennsylvania,42041
Dauphin,Pennsylvania,42043
Delaware,Pennsylvania,42045
Elk,Pennsylvania,42047
Erie,Pennsylvania,42049
Fayette,Pennsylvania,42051
Forest,Pennsylvania,42053
Franklin,Pennsylvania,42055
Fulton,Pennsylvania,42057
Greene,Pennsylvania,42059
Huntingdon,Pennsylvania,42061
Indiana,Pennsylvania,42063
Jefferson,Pennsylvania,42065
Juniata,Pennsylvania,42067
Lackawanna,Pennsylvania,42069
Lancaster,Pennsylvania,42071
Lawrence,Pennsylvania,42073
Lebanon,Pennsylvania,42075
Lehigh,Pennsylvania,42077
Luzerne,Pennsylvania,42079
Lycoming,Pennsylvania,42081
McKean,Pennsylvania,42083
Mercer,Pennsylvania,42085
Mifflin,Pennsylvania,42087
Monroe,Pennsylvania,42089
Montgomery,Pennsylvania,42091
Montour,Pennsylvania,42093
Northampton,Pennsylvania,42095
Northumberland,Pennsylvania,42097
Perry,Pennsylvania,42099
Philadelphia,Pennsylvania,42101
Pike,Pennsylvania,42103
Potter,Pennsylvania,42105
Schuylkill,Pennsylvania,42107
Snyder,Pennsylvania,42109
Somerset,Pennsylvania,42111
Sullivan,Pennsylvania,42113
Susquehanna,Pennsylvania,42115
Tioga,Pennsylvania,42117
Union,Pennsylvania,42119
Venango,Pennsylvania,42121
Warren,Pennsylvania,42123
Washington,Pennsylvania,42125
Wayne,Pennsylvania,42127
Westmoreland,Pennsylvania,42129
Wyoming,Pennsylvania,42131
York,Pennsylvania,42133
Adjuntas,Puerto Rico,72001
Aguada,Puerto Rico,72003
Aguadilla,Puerto Rico,72005
Aguas Buenas,Puerto Rico,72007
Aibonito,Puerto Rico,72009
Anasco,Puerto Rico,72011
Arecibo,Puerto Rico,72013
Arroyo,Puerto Rico,72015
Barceloneta,Puerto Rico,72017
Barranquitas,Puerto Rico,72019
Bayamon,Puerto Rico,72021
Cabo Rojo,Puerto Rico,72023
Caguas,Puerto Rico,72025
Camuy,Puerto Rico,72027
Canovanas,Puerto Rico,72029
Carolina,Puerto Rico,72031
Catano,Puerto Rico,72033
Cayey,Puerto Rico,72035
Ceiba,Puerto Rico,72037
Ciales,Puerto Rico,72039
Cidra,Puerto Rico,72041
Coamo,Puerto Rico,72043
Comerio,Puerto Rico,72045
Corozal,Puerto Rico,72047
Culebra,Puerto Rico,72049
Dorado,Puerto Rico,72051
Fajardo,Puerto Rico,72053
Florida,Puerto Rico,72054
Guanica,Puerto Rico,72055
Guayama,Puerto Rico,72057
Guayanilla,Puerto Rico,72059
Guaynabo,Puerto Rico,72061
Gurabo,Puerto Rico,72063
Hatillo,Puerto Rico,72065
Hormigueros,Puerto Rico,72067
Humacao,Puerto Rico,72069
Isabela,Puerto Rico,72071
Jayuya,Puerto Rico,72073
Juana Diaz,Puerto Rico,72075
Juncos,Puerto Rico,72077
Lajas,Puerto Rico,72079
Lares,Puerto Rico,72081
Las Marias,Puerto Rico,72083
Las Piedras,Puerto Rico,72085
Loiza,Puerto Rico,72087
Luquillo,Puerto Rico,72089
Manati,Puerto Rico,72091
Maricao,Puerto Rico,72093
Maunabo,Puerto Rico,72095
Mayaguez,Puerto Rico,72097
Moca,Puerto Rico,72099
Morovis,Puerto Rico,72101
Naguabo,Puerto Rico,72103
Naranjito,Puerto Rico,72105
Orocovis,Puerto Rico,72107
Patillas,Puerto Rico,72109
Penuelas,Puerto Rico,72111
Ponce,Puerto Rico,72113
Quebradillas,Puerto Rico,72115
Rincon,Puerto Rico,72117
Rio Grande,Puerto Rico,72119
Sabana Grande,Puerto Rico,72121
Salinas,Puerto Rico,72123
San German,Puerto Rico,72125
San Juan,Puerto Rico,72127
San Lorenzo,Puerto Rico,72129
San Sebastian,Puerto Rico,72131
Santa Isabel,Puerto Rico,72133
Toa Alta,Puerto Rico,72135
Toa Baja,Puerto Rico,72137
Trujillo Alto,Puerto Rico,72139
Utuado,Puerto Rico,72141
Vega Alta,Puerto Rico,72143
Vega Baja,Puerto Rico,72145
Vieques,Puerto Rico,72147
Villalba,Puerto Rico,72149
Yabucoa,Puerto Rico,72151
Yauco,Puerto Rico,72153
Bristol,Rhode Island,44001
Kent,Rhode Island,44003
Newport,Rhode Island,44005
Providence,Rhode Island,44007
Washington,Rhode Island,44009
Abbeville,South Carolina,45001
Aiken,South Carolina,45003
Allendale,South Carolina,45005
Anderson,South Carolina,45007
Bamberg,South Carolina,45009
Barnwell,South Carolina,45011
Beaufort,South Carolina,45013
Berkeley,South Carolina,45015
Calhoun,South Carolina,45017
Charleston,South Carolina,45019
Cherokee,South Carolina,45021
Chester,South Carolina,45023
Chesterfield,South Carolina,45025
Clarendon,South Carolina,45027
Colleton,South Carolina,45029
Darlington,South Carolina,45031
Dillon,South Carolina,45033
Dorchester,South Carolina,45035
Edgefield,South Carolina,45037
Fairfield,South Carolina,45039
Florence,South Carolina,45041
Georgetown,South Carolina,45043
Greenville,South Carolina,45045
Greenwood,South Carolina,45047
Hampton,South Carolina,45049
Horry,South Carolina,45051
Jasper,South Carolina,45053
Kershaw,South Carolina,45055
Lancaster,South Carolina,45057
Laurens,South Carolina,45059
Lee,South Carolina,45061
Lexington,South Carolina,45063
Marion,South Carolina,45067
Marlboro,South Carolina,45069
McCormick,South Carolina,45065
Newberry,South Carolina,45071
Oconee,South Carolina,45073
Orangeburg,South Carolina,45075
Pickens,South Carolina,45077
Richland,South Carolina,45079
Saluda,South Carolina,45081
Spartanburg,South Carolina,45083
Sumter,South Carolina,45085
Union,South Carolina,45087
Williamsburg,South Carolina,45089
York,South Carolina,45091
Aurora,South Dakota,46003
Beadle,South Dakota,46005
Bennett,South Dakota,46007
Bon Homme,South Dakota,46009
Brookings,South Dakota,46011
Brown,South Dakota,46013
Brule,South Dakota,46015
Buffalo,South Dakota,46017
Butte,South Dakota,46019
Campbell,South Dakota,46021
Charles Mix,South Dakota,46023
Clark,South Dakota,46025
Clay,South Dakota,46027
Codington,South Dakota,46029
Corson,South Dakota,46031
Custer,South Dakota,46033
Davison,South Dakota,46035
Day,South Dakota,46037
Deuel,South Dakota,46039
Dewey,South Dakota,46041
Douglas,South Dakota,46043
Edmunds,South Dakota,46045
Fall River,South Dakota,46047
Faulk,South Dakota,46049
Grant,South Dakota,46051
Gregory,South Dakota,46053
Haakon,South Dakota,46055
Hamlin,South Dakota,46057
Hand,South Dakota,46059
Hanson,South Dakota,46061
Harding,South Dakota,46063
Hughes,South Dakota,46065
Hutchinson,South Dakota,46067
Hyde,South Dakota,46069
Jackson,South Dakota,46071
Jerauld,South Dakota,46073
Jones,South Dakota,46075
Kingsbury,South Dakota,46077
Lake,South Dakota,46079
Lawrence,South Dakota,46081
Lincoln,South Dakota,46083
Lyman,South Dakota,46085
Marshall,South Dakota,46091
McCook,South Dakota,46087
McPherson,South Dakota,46089
Meade,South Dakota,46093
Mellette,South Dakota,46095
Miner,South Dakota,46097
Minnehaha,South Dakota,46099
Moody,South Dakota,46101
Oglala Lakota,South Dakota,46102
Pennington,South Dakota,46103
Perkins,South Dakota,46105
Potter,South Dakota,46107
Roberts,South Dakota,46109
Sanborn,South Dakota,46111
Spink,South Dakota,46115
Stanley,South Dakota,46117
Sully,South Dakota,46119
Todd,South Dakota,46121
Tripp,South Dakota,46123
Turner,South Dakota,46125
Union,South Dakota,46127
Walworth,South Dakota,46129
Yankton,South Dakota,46135
Ziebach,South Dakota,46137
Anderson,Tennessee,47001
Bedford,Tennessee,47003
Benton,Tennessee,47005
Bledsoe,Tennessee,47007
Blount,Tennessee,47009
Bradley,Tennessee,47011
Campbell,Tennessee,47013
Cannon,Tennessee,47015
Carroll,Tennessee,47017
Carter,Tennessee,47019
Cheatham,Tennessee,47021
Chester,Tennessee,47023
Claiborne,Tennessee,47025
Clay,Tennessee,47027
Cocke,Tennessee,47029
Coffee,Tennessee,47031
Crockett,Tennessee,47033
Cumberland,Tennessee,47035
Davidson,Tennessee,47037
DeKalb,Tennessee,47041
Decatur,Tennessee,47039
Dickson,Tennessee,47043
Dyer,Tennessee,47045
Fayette,Tennessee,47047
Fentress,Tennessee,47049
Franklin,Tennessee,47051
Gibson,Tennessee,47053
Giles,Tennessee,47055
Grainger,Tennessee,47057
Greene,Tennessee,47059
Grundy,Tennessee,47061
Hamblen,Tennessee,47063
Hamilton,Tennessee,47065
Hancock,Tennessee,47067
Hardeman,Tennessee,47069
Hardin,Tennessee,47071
Hawkins,Tennessee,47073
Haywood,Tennessee,47075
Henderson,Tennessee,47077
Henry,Tennessee,47079
Hickman,Tennessee,47081
Houston,Tennessee,47083
Humphreys,Tennessee,47085
Jackson,Tennessee,47087
Jefferson,Tennessee,47089
Johnson,Tennessee,47091
Knox,Tennessee,47093
Lake,Tennessee,47095
Lauderdale,Tennessee,47097
Lawrence,Tennessee,47099
Lewis,Tennessee,47101
Lincoln,Tennessee,47103
Loudon,Tennessee,47105
Macon,Tennessee,47111
Madison,Tennessee,47113
Marion,Tennessee,47115
Marshall,Tennessee,47117
Maury,Tennessee,47119
McMinn,Tennessee,47107
McNairy,Tennessee,47109
Meigs,Tennessee,47121
Monroe,Tennessee,47123
Montgomery,Tennessee,47125
Moore,Tennessee,47127
Morgan,Tennessee,47129
Obion,Tennessee,47131
Overton,Tennessee,47133
Perry,Tennessee,47135
Pickett,Tennessee,47137
Polk,Tennessee,47139
Putnam,Tennessee,47141
Rhea,Tennessee,47143
Roane,Tennessee,47145
Robertson,Tennessee,47147
Rutherford,Tennessee,47149
Scott,Tennessee,47151
Sequatchie,Tennessee,47153
Sevier,Tennessee,47155
Shelby,Tennessee,47157
Smith,Tennessee,47159
Stewart,Tennessee,47161
Sullivan,Tennessee,47163
Sumner,Tennessee,47165
Tipton,Tennessee,47167
Trousdale,Tennessee,47169
Unicoi,Tennessee,47171
Union,Tennessee,47173
Van Buren,Tennessee,47175
Warren,Tennessee,47177
Washington,Tennessee,47179
Wayne,Tennessee,47181
Weakley,Tennessee,47183
White,Tennessee,47185
Williamson,Tennessee,47187
Wilson,Tennessee,47189
Anderson,Texas,48001
Andrews,Texas,48003
Angelina,Texas,48005
Aransas,Texas,48007
Archer,Texas,48009
Armstrong,Texas,48011
Atascosa,Texas,48013
Austin,Texas,48015
Bailey,Texas,48017
Bandera,Texas,48019
Bastrop,Texas,48021
Baylor,Texas,48023
Bee,Texas,48025
Bell,Texas,48027
Bexar,Texas,48029
Blanco,Texas,48031
Borden,Texas,48033
Bosque,Texas,48035
Bowie,Texas,48037
Brazoria,Texas,48039
Brazos,Texas,48041
Brewster,Texas,48043
Briscoe,Texas,48045
Brooks,Texas,48047
Brown,Texas,48049
Burleson,Texas,48051
Burnet,Texas,48053
Caldwell,Texas,48055
Calhoun,Texas,48057
Callahan,Texas,48059
Cameron,Texas,48061
Camp,Texas,48063
Carson,Texas,48065
Cass,Texas,48067
Castro,Texas,48069
Chambers,Texas,48071
Cherokee,Texas,48073
Childress,Texas,48075
Clay,Texas,48077
Cochran,Texas,48079
Coke,Texas,48081
Coleman,Texas,48083
Collin,Texas,48085
Collingsworth,Texas,48087
Colorado,Texas,48089
Comal,Texas,48091
Comanche,Texas,48093
Concho,Texas,48095
Cooke,Texas,48097
Coryell,Texas,48099
Cottle,Texas,48101
Crane,Texas,48103
Crockett,Texas,48105
Crosby,Texas,48107
Culberson,Texas,48109
Dallam,Texas,48111
Dallas,Texas,48113
Dawson,Texas,48115
DeWitt,Texas,48123
Deaf Smith,Texas,48117
Delta,Texas,48119
Denton,Texas,48121
Dickens,Texas,48125
Dimmit,Texas,48127
Donley,Texas,48129
Duval,Texas,48131
Eastland,Texas,48133
Ector,Texas,48135
Edwards,Texas,48137
El Paso,Texas,48141
Ellis,Texas,48139
Erath,Texas,48143
Falls,Texas,48145
Fannin,Texas,48147
Fayette,Texas,48149
Fisher,Texas,48151
Floyd,Texas,48153
Foard,Texas,48155
Fort Bend,Texas,48157
Franklin,Texas,48159
Freestone,Texas,48161
Frio,Texas,48163
Gaines,Texas,48165
Galveston,Texas,48167
Garza,Texas,48169
Gillespie,Texas,48171
Glasscock,Texas,48173
Goliad,Texas,48175
Gonzales,Texas,48177
Gray,Texas,48179
Grayson,Texas,48181
Gregg,Texas,48183
Grimes,Texas,48185
Guadalupe,Texas,48187
Hale,Texas,48189
Hall,Texas,48191
Hamilton,Texas,48193
Hansford,Texas,48195
Hardeman,Texas,48197
Hardin,Texas,48199
Harris,Texas,48201
Harrison,Texas,48203
Hartley,Texas,48205
Haskell,Texas,48207
Hays,Texas,48209
Hemphill,Texas,48211
Henderson,Texas,48213
Hidalgo,Texas,48215
Hill,Texas,48217
Hockley,Texas,48219
Hood,Texas,48221
Hopkins,Texas,48223
Houston,Texas,48225
Howard,Texas,48227
Hudspeth,Texas,48229
Hunt,Texas,48231
Hutchinson,Texas,48233
Irion,Texas,48235
Jack,Texas,48237
Jackson,Texas,48239
Jasper,Texas,48241
Jeff Davis,Texas,48243
Jefferson,Texas,48245
Jim Hogg,Texas,48247
Jim Wells,Texas,48249
Johnson,Texas,48251
Jones,Texas,48253
Karnes,Texas,48255
Kaufman,Texas,48257
Kendall,Texas,48259
Kenedy,Texas,48261
Kent,Texas,48263
Kerr,Texas,48265
Kimble,Texas,48267
King,Texas,48269
Kinney,Texas,48271
Kleberg,Texas,48273
Knox,Texas,48275
La Salle,Texas,48283
Lamar,Texas,48277
Lamb,Texas,48279
Lampasas,Texas,48281
Lavaca,Texas,48285
Lee,Texas,48287
Leon,Texas,48289
Liberty,Texas,48291
Limestone,Texas,48293
Lipscomb,Texas,48295
Live Oak,Texas,48297
Llano,Texas,48299
Loving,Texas,48301
Lubbock,Texas,48303
Lynn,Texas,48305
Madison,Texas,48313
Marion,Texas,48315
Martin,Texas,48317
Mason,Texas,48319
Matagorda,Texas,48321
Maverick,Texas,48323
McCulloch,Texas,48307
McLennan,Texas,48309
McMullen,Texas,48311
Medina,Texas,48325
Menard,Texas,48327
Midland,Texas,48329
Milam,Texas,48331
Mills,Texas,48333
Mitchell,Texas,48335
Montague,Texas,48337
Montgomery,Texas,48339
Moore,Texas,48341
Morris,Texas,48343
Motley,Texas,48345
Nacogdoches,Texas,48347
Navarro,Texas,48349
Newton,Texas,48351
Nolan,Texas,48353
Nueces,Texas,48355
Ochiltree,Texas,48357
Oldham,Texas,48359
Orange,Texas,48361
Palo Pinto,Texas,48363
Panola,Texas,48365
Parker,Texas,48367
Parmer,Texas,48369
Pecos,Texas,48371
Polk,Texas,48373
Potter,Texas,48375
Presidio,Texas,48377
Rains,Texas,48379
Randall,Texas,48381
Reagan,Texas,48383
Real,Texas,48385
Red River,Texas,48387
Reeves,Texas,48389
Refugio,Texas,48391
Roberts,Texas,48393
Robertson,Texas,48395
Rockwall,Texas,48397
Runnels,Texas,48399
Rusk,Texas,48401
Sabine,Texas,48403
San Augustine,Texas,48405
San Jacinto,Texas,48407
San Patricio,Texas,48409
San Saba,Texas,48411
Schleicher,Texas,48413
Scurry,Texas,48415
Shackelford,Texas,48417
Shelby,Texas,48419
Sherman,Texas,48421
Smith,Texas,48423
Somervell,Texas,48425
Starr,Texas,48427
Stephens,Texas,48429
Sterling,Texas,48431
Stonewall,Texas,48433
Sutton,Texas,48435
Swisher,Texas,48437
Tarrant,Texas,48439
Taylor,Texas,48441
Terrell,Texas,48443
Terry,Texas,48445
Throckmorton,Texas,48447
Titus,Texas,48449
Tom Green,Texas,48451
Travis,Texas,48453
Trinity,Texas,48455
Tyler,Texas,48457
Upshur,Texas,48459
Upton,Texas,48461
Uvalde,Texas,48463
Val Verde,Texas,48465
Van Zandt,Texas,48467
Victoria,Texas,48469
Walker,Texas,48471
Waller,Texas,48473
Ward,Texas,48475
Washington,Texas,48477
Webb,Texas,48479
Wharton,Texas,48481
Wheeler,Texas,48483
Wichita,Texas,48485
Wilbarger,Texas,48487
Willacy,Texas,48489
Williamson,Texas,48491
Wilson,Texas,48493
Winkler,Texas,48495
Wise,Texas,48497
Wood,Texas,48499
Yoakum,Texas,48501
Young,Texas,48503
Zapata,Texas,48505
Zavala,Texas,48507
Beaver,Utah,49001
Box Elder,Utah,49003
Cache,Utah,49005
Carbon,Utah,49007
Daggett,Utah,49009
Davis,Utah,49011
Duchesne,Utah,49013
Emery,Utah,49015
Garfield,Utah,49017
Grand,Utah,49019
Iron,Utah,49021
Juab,Utah,49023
Kane,Utah,49025
Millard,Utah,49027
Morgan,Utah,49029
Piute,Utah,49031
Rich,Utah,49033
Salt Lake,Utah,49035
San Juan,Utah,49037
Sanpete,Utah,49039
Sevier,Utah,49041
Summit,Utah,49043
Tooele,Utah,49045
Uintah,Utah,49047
Utah,Utah,49049
Wasatch,Utah,49051
Washington,Utah,49053
Wayne,Utah,49055
Weber,Utah,49057
Addison,Vermont,50001
Bennington,Vermont,50003
Caledonia,Vermont,50005
Chittenden,Vermont,50007
Essex,Vermont,50009
Franklin,Vermont,50011
Grand Isle,Vermont,50013
Lamoille,Vermont,50015
Orange,Vermont,50017
Orleans,Vermont,50019
Rutland,Vermont,50021
Washington,Vermont,50023
Windham,Vermont,50025
Windsor,Vermont,50027
St. Croix,Virgin Islands,78010
St. John,Virgin Islands,78020
St. Thomas,Virgin Islands,78030
Accomack,Virginia,51001
Albemarle,Virginia,51003
Alexandria city,Virginia,51510
Alleghany,Virginia,51005
Amelia,Virginia,51007
Amherst,Virginia,51009
Appomattox,Virginia,51011
Arlington,Virginia,51013
Augusta,Virginia,51015
Bath,Virginia,51017
Bedford,Virginia,51019
Bland,Virginia,51021
Botetourt,Virginia,51023
Bristol city,Virginia,51520
Brunswick,Virginia,51025
Buchanan,Virginia,51027
Buckingham,Virginia,51029
Buena Vista city,Virginia,51530
Campbell,Virginia,51031
Caroline,Virginia,51033
Carroll,Virginia,51035
Charles City,Virginia,51036
Charlotte,Virginia,51037
Charlottesville city,Virginia,51540
Chesapeake city,Virginia,51550
Chesterfield,Virginia,51041
Clarke,Virginia,51043
Colonial Heights city,Virginia,51570
Covington city,Virginia,51580
Craig,Virginia,51045
Culpeper,Virginia,51047
Cumberland,Virginia,51049
Danville city,Virginia,51590
Dickenson,Virginia,51051
Dinwiddie,Virginia,51053
Emporia city,Virginia,51595
Essex,Virginia,51057
Fairfax,Virginia,51059
Fairfax city,Virginia,51600
Falls Church city,Virginia,51610
Fauquier,Virginia,51061
Floyd,Virginia,51063
Fluvanna,Virginia,51065
Franklin,Virginia,51067
Franklin city,Virginia,51620
Frederick,Virginia,51069
Fredericksburg city,Virginia,51630
Galax city,Virginia,51640
Giles,Virginia,51071
Gloucester,Virginia,51073
Goochland,Virginia,51075
Grayson,Virginia,51077
Greene,Virginia,51079
Greensville,Virginia,51081
Halifax,Virginia,51083
Hampton city,Virginia,51650
Hanover,Virginia,51085
Harrisonburg city,Virginia,51660
Henrico,Virginia,51087
Henry,Virginia,51089
Highland,Virginia,51091
Hopewell city,Virginia,51670
Isle of Wight,Virginia,51093
James City,Virginia,51095
King George,Virginia,51099
King William,Virginia,51101
King and Queen,Virginia,51097
Lancaster,Virginia,51103
Lee,Virginia,51105
Lexington city,Virginia,51678
Loudoun,Virginia,51107
Louisa,Virginia,51109
Lunenburg,Virginia,51111
Lynchburg city,Virginia,51680
Madison,Virginia,51113
Manassas Park city,Virginia,51685
Manassas city,Virginia,51683
Martinsville city,Virginia,51690
Mathews,Virginia,51115
Mecklenburg,Virginia,51117
Middlesex,Virginia,51119
Montgomery,Virginia,51121
Nelson,Virginia,51125
New Kent,Virginia,51127
Newport News city,Virginia,51700
Norfolk city,Virginia,51710
Northampton,Virginia,51131
Northumberland,Virginia,51133
Norton city,Virginia,51720
Nottoway,Virginia,51135
Orange,Virginia,51137
Page,Virginia,51139
Patrick,Virginia,51141
Petersburg city,Virginia,51730
Pittsylvania,Virginia,51143
Poquoson city,Virginia,51735
Portsmouth city,Virginia,51740
Powhatan,Virginia,51145
Prince Edward,Virginia,51147
Prince George,Virginia,51149
Prince William,Virginia,51153
Pulaski,Virginia,51155
Radford city,Virginia,51750
Rappahannock,Virginia,51157
Richmond,Virginia,51159
Richmond city,Virginia,51760
Roanoke,Virginia,51161
Roanoke city,Virginia,51770
Rockbridge,Virginia,51163
Rockingham,Virginia,51165
Russell,Virginia,51167
Salem city,Virginia,51775
Scott,Virginia,51169
Shenandoah,Virginia,51171
Smyth,Virginia,51173
Southampton,Virginia,51175
Spotsylvania,Virginia,51177
Stafford,Virginia,51179
Staunton city,Virginia,51790
Suffolk city,Virginia,51800
Surry,Virginia,51181
Sussex,Virginia,51183
Tazewell,Virginia,51185
Virginia Beach city,Virginia,51810
Warren,Virginia,51187
Washington,Virginia,51191
Waynesboro city,Virginia,51820
Westmoreland,Virginia,51193
Williamsburg city,Virginia,51830
Winchester city,Virginia,51840
Wise,Virginia,51195
Wythe,Virginia,51197
York,Virginia,51199
Adams,Washington,53001
Asotin,Washington,53003
Benton,Washington,53005
Chelan,Washington,53007
Clallam,Washington,53009
Clark,Washington,53011
Columbia,Washington,53013
Cowlitz,Washington,53015
Douglas,Washington,53017
Ferry,Washington,53019
Franklin,Washington,53021
Garfield,Washington,53023
Grant,Washington,53025
Grays Harbor,Washington,53027
Island,Washington,53029
Jefferson,Washington,53031
King,Washington,53033
Kitsap,Washington,53035
Kittitas,Washington,53037
Klickitat,Washington,53039
Lewis,Washington,53041
Lincoln,Washington,53043
Mason,Washington,53045
Okanogan,Washington,53047
Pacific,Washington,53049
Pend Oreille,Washington,53051
Pierce,Washington,53053
San Juan,Washington,53055
Skagit,Washington,53057
Skamania,Washington,53059
Snohomish,Washington,53061
Spokane,Washington,53063
Stevens,Washington,53065
Thurston,Washington,53067
Wahkiakum,Washington,53069
Walla Walla,Washington,53071
Whatcom,Washington,53073
Whitman,Washington,53075
Yakima,Washington,53077
Barbour,West Virginia,54001
Berkeley,West Virginia,54003
Boone,West Virginia,54005
Braxton,West Virginia,54007
Brooke,West Virginia,54009
Cabell,West Virginia,54011
Calhoun,West Virginia,54013
Clay,West Virginia,54015
Doddridge,West Virginia,54017
Fayette,West Virginia,54019
Gilmer,West Virginia,54021
Grant,West Virginia,54023
Greenbrier,West Virginia,54025
Hampshire,West Virginia,54027
Hancock,West Virginia,54029
Hardy,West Virginia,54031
Harrison,West Virginia,54033
Jackson,West Virginia,54035
Jefferson,West Virginia,54037
Kanawha,West Virginia,54039
Lewis,West Virginia,54041
Lincoln,West Virginia,54043
Logan,West Virginia,54045
Marion,West Virginia,54049
Marshall,West Virginia,54051
Mason,West Virginia,54053
McDowell,West Virginia,54047
Mercer,West Virginia,54055
Mineral,West Virginia,54057
Mingo,West Virginia,54059
Monongalia,West Virginia,54061
Monroe,West Virginia,54063
Morgan,West Virginia,54065
Nicholas,West Virginia,54067
Ohio,West Virginia,54069
Pendleton,West Virginia,54071
Pleasants,West Virginia,54073
Pocahontas,West Virginia,54075
Preston,West Virginia,54077
Putnam,West Virginia,54079
Raleigh,West Virginia,54081
Randolph,West Virginia,54083
Ritchie,West Virginia,54085
Roane,West Virginia,54087
Summers,West Virginia,54089
Taylor,West Virginia,54091
Tucker,West Virginia,54093
Tyler,West Virginia,54095
Upshur,West Virginia,54097
Wayne,West Virginia,54099
Webster,West Virginia,54101
Wetzel,West Virginia,54103
Wirt,West Virginia,54105
Wood,West Virginia,54107
Wyoming,West Virginia,54109
Adams,Wisconsin,55001
Ashland,Wisconsin,55003
Barron,Wisconsin,55005
Bayfield,Wisconsin,55007
Brown,Wisconsin,55009
Buffalo,Wisconsin,55011
Burnett,Wisconsin,55013
Calumet,Wisconsin,55015
Chippewa,Wisconsin,55017
Clark,Wisconsin,55019
Columbia,Wisconsin,55021
Crawford,Wisconsin,55023
Dane,Wisconsin,55025
Dodge,Wisconsin,55027
Door,Wisconsin,55029
Douglas,Wisconsin,55031
Dunn,Wisconsin,55033
Eau Claire,Wisconsin,55035
Florence,Wisconsin,55037
Fond du Lac,Wisconsin,55039
Forest,Wisconsin,55041
Grant,Wisconsin,55043
Green,Wisconsin,55045
Green Lake,Wisconsin,55047
Iowa,Wisconsin,55049
Iron,Wisconsin,55051
Jackson,Wisconsin,55053
Jefferson,Wisconsin,55055
Juneau,Wisconsin,55057
Kenosha,Wisconsin,55059
Kewaunee,Wisconsin,55061
La Crosse,Wisconsin,55063
Lafayette,Wisconsin,55065
Langlade,Wisconsin,55067
Lincoln,Wisconsin,55069
Manitowoc,Wisconsin,55071
Marathon,Wisconsin,55073
Marinette,Wisconsin,55075
Marquette,Wisconsin,55077
Menominee,Wisconsin,55078
Milwaukee,Wisconsin,55079
Monroe,Wisconsin,55081
Oconto,Wisconsin,55083
Oneida,Wisconsin,55085
Outagamie,Wisconsin,55087
Ozaukee,Wisconsin,55089
Pepin,Wisconsin,55091
Pierce,Wisconsin,55093
Polk,Wisconsin,55095
Portage,Wisconsin,55097
Price,Wisconsin,55099
Racine,Wisconsin,55101
Richland,Wisconsin,55103
Rock,Wisconsin,55105
Rusk,Wisconsin,55107
Sauk,Wisconsin,55111
Sawyer,Wisconsin,55113
Shawano,Wisconsin,55115
Sheboygan,Wisconsin,55117
St. Croix,Wisconsin,55109
Taylor,Wisconsin,55119
Trempealeau,Wisconsin,55121
Vernon,Wisconsin,55123
Vilas,Wisconsin,55125
Walworth,Wisconsin,55127
Washburn,Wisconsin,55129
Washington,Wisconsin,55131
Waukesha,Wisconsin,55133
Waupaca,Wisconsin,55135
Waushara,Wisconsin,55137
Winnebago,Wisconsin,55139
Wood,Wisconsin,55141
Albany,Wyoming,56001
Big Horn,Wyoming,56003
Campbell,Wyoming,56005
Carbon,Wyoming,56007
Converse,Wyoming,56009
Crook,Wyoming,56011
Fremont,Wyoming,56013
Goshen,Wyoming,56015
Hot Springs,Wyoming,56017
Johnson,Wyoming,56019
Laramie,Wyoming,56021
Lincoln,Wyoming,56023
Natrona,Wyoming,56025
Niobrara,Wyoming,56027
Park,Wyoming,56029
Platte,Wyoming,56031
Sheridan,Wyoming,56033
Sublette,Wyoming,56035
Sweetwater,Wyoming,56037
Teton,Wyoming,56039
Uinta,Wyoming,56041
Washakie,Wyoming,56043
Weston,Wyoming,56045
